Workbook
Name FID_1: [1]AGR_Fuels!$A$2

Sheet EB1
X1: Default Units | Y1: Currency | Z1: Activity | AA1: Emissions
D2: COA | E2: GAS | F2: OIL | G2: DSL | H2: KER | I2: LPG | J2: GSL | K2: NAP | L2: HFO | M2: OPP | N2: NUC | O2: BIO | P2: HYD | Q2: WIN | R2: SOL | S2: SLU | T2: HET | U2: ELC | Y2: M€2025 | Z2: PJ | AA2: kt
C3: REG1 | D3: Solid Fuels | E3: Natural Gas | F3: Crude Oil | G3: Diesel oil | H3: Kerosenes | I3: LPG | J3: Motor spirit | K3: Naphtha | L3: Heavy Fuel Oil | M3: Other Petroleum Products | N3: Nuclear Energy | O3: Biomass | P3: Hydro power | Q3: Wind energy | R3: Solar energy | S3: Industrial Wastes | T3: Derived Heat | U3: Electricity | V3: Total
C4: PRIMARY
B5: MIN | C5: Domestic Supply | D5: 5263.9327 | E5: 3159.7988 | F5: 2686.252 | G5: 0.064 | H5: 0 | I5: 0 | J5: 0 | K5: 0 | L5: 0 | M5: 0 | N5: 4455 | O5: 2261.97 | P5: 502.66 | Q5: 263.8965 | R5: 125.665 | S5: 0 | T5: 0 | U5: 0 | V5: =SUM(D5:U5) -> 18719.239
B6: IMP | C6: Imports | D6: 4200.7362 | E6: 5316.6916 | F6: 13824.328 | G6: 2204.849 | H6: 604.9885 | I6: 326.1295 | J6: 660 | K6: 683.1 | L6: 1079.56 | M6: 597.035 | N6: 0 | O6: 84.76425 | P6: 0 | Q6: 0 | R6: 0 | S6: 0.0035 | T6: 0.0765 | U6: 583.76 | V6: =SUM(D6:U6) -> 30166.022
B7: EXP | C7: Exports | D7: -745.59485 | E7: -1006.5324 | F7: -1648.4855 | G7: -1683.1425 | H7: -295.3885 | I7: -194.5165 | J7: -1500.642 | K7: -400.84 | L7: -1239.28 | M7: -453.036 | N7: 0 | O7: -54.303 | P7: 0 | Q7: 0 | R7: 0 | S7: 0 | T7: -0.0645 | U7: -563.402 | V7: =SUM(D7:U7) -> -9785.2278
B8: TPS | C8: Total Primary Supply | D8: =SUM(D5:D7) -> 8719.074 | E8: =SUM(E5:E7) -> 7469.958 | F8: =SUM(F5:F7) -> 14862.095 | G8: =SUM(G5:G7) -> 521.7705 | H8: =SUM(H5:H7) -> 309.6 | I8: =SUM(I5:I7) -> 131.613 | J8: =SUM(J5:J7) -> -840.642 | K8: =SUM(K5:K7) -> 282.26 | ... O8: =SUM(O5:O7) -> 2292.4313 | S8: =SUM(S5:S7) -> 0.0035 | T8: =SUM(T5:T7) -> 0.012 | U8: =SUM(U5:U7) -> 20.358 | V8: =SUM(V5:V7) -> 39100.033
C9: CONVERSION
B10: ESC | C10: Energy Sector Consumption | D10: -37.4647 | E10: -317.192 | F10: 0 | G10: -16.284 | H10: -0.0215 | I10: -528.761 | J10: -164.508 | K10: -0.616 | L10: -205.88 | M10: 0 | N10: 0 | O10: -3.21225 | P10: 0 | Q10: 0 | R10: 0 | S10: -0.76 | T10: 0 | U10: 0 | V10: =SUM(D10:U10) -> -1274.6994
B11: ELC | C11: Electricity Plants | D11: -6238.778 | E11: -2254.2176 | F11: 0 | G11: -30.1605 | H11: 0 | I11: -23.835 | J11: 0 | K11: 0 | L11: -524.78 | M11: -33.529 | N11: -4455 | O11: -527.25919 | P11: -502.66 | Q11: -263.8965 | R11: -68 | S11: -16.4745 | T11: 868.7795 | U11: 5790.5 | V11: =SUM(D11:U11) -> -8279.3108
B12: HPL | C12: Heat Plants | D12: -104.9074 | E12: -120.5204 | F12: 0 | G12: -7.619 | H12: 0 | I12: -0.2335 | J12: 0 | K12: 0 | L12: -15.2 | M12: -1.772 | N12: 0 | O12: -105.15525 | P12: 0 | Q12: 0 | R12: 0 | S12: -0.7845 | T12: 329.3715 | U12: 0 | V12: =SUM(D12:U12) -> -26.82055
B13: REF | C13: Petroleum Refineries | D13: 0 | E13: 0 | F13: -15868.23 | G13: 5701.34 | H13: 969.478 | I13: 1086.304 | J13: 3354.912 | K13: 970.288 | L13: 2285.102 | M13: 1299.945 | N13: 0 | O13: 0 | P13: 0 | Q13: 0 | R13: 0 | S13: 0 | T13: 0 | U13: 0 | V13: =SUM(D13:U13) -> -200.8615
C14: Total Conversion | D14: =SUM(D10:D13) -> -6381.1501 | E14: =SUM(E10:E13) -> -2691.93 | F14: =SUM(F10:F13) -> -15868.23 | G14: =SUM(G10:G13) -> 5647.2765 | H14: =SUM(H10:H13) -> 969.4565 | I14: =SUM(I10:I13) -> 533.4745 | J14: =SUM(J10:J13) -> 3190.404 | K14: =SUM(K10:K13) -> 969.672 | ... O14: =SUM(O10:O13) -> -635.62669 | S14: =SUM(S10:S13) -> -18.019 | T14: =SUM(T10:T13) -> 1198.151 | U14: =SUM(U10:U13) -> 5790.5 | V14: =SUM(V10:V13) -> -9781.6923
C17: Data used in the template to buld the model
D20: COA | E20: GAS | F20: OIL
C21: Domestic Supply Curve Share - Step 1 | D21: 0.75 | E21: 0.5 | F21: 0.8
C22: Domestic Supply Curve Share - Step 2 | D22: 0.25 | E22: 0.5 | F22: 0.2

Sheet JRC-IDEES2023
C3: ktoe | D3: 2020 | E3: 2021 | F3: 2022 | G3: 2023
B4: Natural gas | C4: supply
C5: import | D5: 369.77644 | E5: 418.15907 | F5: 347.09089 | G5: 269.10361
C6: export

Sheet Pri_COA
B1: Sector Name | C1: Commodity | D1: Description | E1: Default Unit | F1: Currency Unit
C2: ='EB1'!D2 -> COA | D2: ='EB1'!D3 -> Solid Fuels | E2: ='EB1'!Z2 -> PJ | F2: ='EB1'!Y2 -> M€2025 | I2: ~FI_Comm
I3: Csets | J3: Region | K3: CommName | L3: CommDesc | M3: Unit | N3: LimType | O3: CTSLvl | P3: PeakTS | Q3: Ctype
I4: *Commodity Set Membership | J4: Region Name | K4: Commodity Name | L4: Commodity Description | M4: Unit | N4: Sense of the Balance EQN. | O4: Timeslice Level | P4: Peak Monitoring | Q4: Electricity Indicator
I5: NRG | K5: =C2 -> COA | L5: =D2 -> Solid Fuels | M5: =$E$2 -> PJ
D7: ~FI_T | I7: ~FI_Process
B8: TechName | C8: Comm-IN | D8: Comm-OUT | E8: CUM | F8: COST | G8: ACT_BND | I8: Sets | J8: Region | K8: TechName | L8: TechDesc | M8: Tact | N8: Tcap | O8: Tslvl | P8: PrimaryCG | Q8: Vintage
B9: *Technology Name | C9: Input Commodity | D9: Output Commodity | E9: Reserves Cumulative Value | F9: Cost | G9: Annual Production Bound | I9: *Process Set Membership | J9: Region Name | K9: Technology Name | L9: Technology Description | M9: Activity Unit | N9: Capacity Unit | O9: TimeSlice level of Process Activity | P9: Primary Commodity Group | Q9: Vintage Tracking
B10: *Units | E10: =$E$2 -> PJ | F10: =$F$2&"/"&$E$2 -> M€2025/PJ | G10: =$E$2 -> PJ | I10: *
B11: =K11 -> IMPCOA1 | D11: =$K$5 -> COA | I11: ='EB1'!$B$6 -> IMP | K11: =$I$11&$C$2&1 -> IMPCOA1 | L11: ="Import of "&$D$2& " Step "&RIGHT(K11,1) -> Import of Solid Fuels Step 1 | M11: =$E$2 -> PJ | N11: =$E$2&"a" -> PJa
B12: =K12 -> EXPCOA1 | C12: =$K$5 -> COA | I12: ='EB1'!B7 -> EXP | K12: =$I$12&$C$2&1 -> EXPCOA1 | L12: ="Export of "&$D$2& " Step "&RIGHT(K12,1) -> Export of Solid Fuels Step 1 | M12: =$E$2 -> PJ | N12: =$E$2&"a" -> PJa
C22: User inputs
C23: Linked to the Energy Balance

Sheet Pri_SHL
B1: Sector Name | C1: Commodity | D1: Description | E1: Default Unit | F1: Currency Unit
C2: SHL | D2: Oil shale | E2: ='EB1'!Z2 -> PJ | F2: ='EB1'!Y2 -> M€2025 | I2: ~FI_Comm
I3: Csets | J3: Region | K3: CommName | L3: CommDesc | M3: Unit | N3: LimType | O3: CTSLvl | P3: PeakTS | Q3: Ctype
B4: ktoe2PJ | C4: 0.041868 | I4: *Commodity Set Membership | J4: Region Name | K4: Commodity Name | L4: Commodity Description | M4: Unit | N4: Sense of the Balance EQN. | O4: Timeslice Level | P4: Peak Monitoring | Q4: Electricity Indicator
I5: NRG | K5: =C2 -> SHL | L5: =D2 -> Oil shale | M5: =$E$2 -> PJ
V6: Energy density of oil shale (MJ/kg) | W6: 9.5
D7: ~FI_T | I7: ~FI_Process | V7: Energy density of oil shale (tons/PJ) | W7: =1000000000/(W6*1000) -> 105263.16
B8: TechName | C8: Comm-IN | D8: Comm-OUT | E8: CUM | F8: COST | G8: ACT_BND | I8: Sets | J8: Region | K8: TechName | L8: TechDesc | M8: Tact | N8: Tcap | O8: Tslvl | P8: PrimaryCG | Q8: Vintage
B9: *Technology Name | C9: Input Commodity | D9: Output Commodity | E9: Reserves Cumulative Value | F9: Cost | G9: Annual Production Bound | I9: *Process Set Membership | J9: Region Name | K9: Technology Name | L9: Technology Description | M9: Activity Unit | N9: Capacity Unit | O9: TimeSlice level of Process Activity | P9: Primary Commodity Group | Q9: Vintage Tracking | W9: total mined (t) | X9: Production (PJ) | Y9: Cost (€/t) | Z9: Cost (M€/PJ)
B10: *Units | E10: =$E$2 -> PJ | F10: =$F$2&"/"&$E$2 -> M€2025/PJ | G10: =$E$2 -> PJ | I10: * | V10: 2025 | W10: 8021108 | X10: =W10*1000*W6/1000000000 -> 76.200526 | Y10: 30 | Z10: =W7*Y10/1000000 -> 3.1578947
B11: =K11 -> MINSHL1 | D11: =$K$5 -> SHL | F11: =Z10 -> 3.1578947 | G11: =X10 -> 76.200526 | I11: ='EB1'!$B$5 -> MIN | K11: =$I$11&$C$2&1 -> MINSHL1 | L11: ="Domestic Supply of "&$D$2& " Step "&RIGHT(K11,1) -> Domestic Supply of Oil shale Step 1 | M11: =$E$2 -> PJ | N11: =$E$2&"a" -> PJa
C25: User inputs
C26: Linked to the Energy Balance

Sheet Pri_GAS
B1: Sector Name | C1: Commodity | D1: Description | E1: Default Unit | F1: Currency Unit
C2: ='EB1'!E2 -> GAS | D2: ='EB1'!E3 -> Natural Gas | E2: ='EB1'!Z2 -> PJ | F2: ='EB1'!Y2 -> M€2025 | L2: ~FI_Comm
L3: Csets | M3: Region | N3: CommName | O3: CommDesc | P3: Unit | Q3: LimType | R3: CTSLvl | S3: PeakTS | T3: Ctype
B4: ktoe2PJ | C4: 0.041868 | L4: *Commodity Set Membership | M4: Region Name | N4: Commodity Name | O4: Commodity Description | P4: Unit | Q4: Sense of the Balance EQN. | R4: Timeslice Level | S4: Peak Monitoring | T4: Electricity Indicator
B5: mwh2PJ | C5: 3.6e-06 | L5: NRG | N5: =C2 -> GAS | O5: =D2 -> Natural Gas | P5: =$E$2 -> PJ
D7: ~FI_T | L7: ~FI_Process
B8: TechName | C8: Comm-IN | D8: Comm-OUT | E8: CUM | F8: COST | G8: ACT_BND~2020 | H8: ACT_BND~2021 | I8: ACT_BND~2022 | J8: ACT_BND~2023 | L8: Sets | M8: Region | N8: TechName | O8: TechDesc | P8: Tact | Q8: Tcap | R8: Tslvl | S8: PrimaryCG | T8: Vintage
B9: *Technology Name | C9: Input Commodity | D9: Output Commodity | E9: Reserves Cumulative Value | F9: Cost | G9: Annual Production Bound | H9: Annual Production Bound | I9: Annual Production Bound | J9: Annual Production Bound | L9: *Process Set Membership | M9: Region Name | N9: Technology Name | O9: Technology Description | P9: Activity Unit | Q9: Capacity Unit | R9: TimeSlice level of Process Activity | S9: Primary Commodity Group | T9: Vintage Tracking
B10: *Units | E10: =$E$2 -> PJ | F10: =$F$2&"/"&$E$2 -> M€2025/PJ | G10: =$E$2 -> PJ | H10: =$E$2 -> PJ | I10: =$E$2 -> PJ | J10: =$E$2 -> PJ | L10: *
B11: =N11 -> IMPGAS1 | D11: =$N$5 -> GAS | G11: ='JRC-IDEES2023'!D5 -> 369.77644 | H11: ='JRC-IDEES2023'!E5 -> 418.15907 | I11: ='JRC-IDEES2023'!F5 -> 347.09089 | J11: ='JRC-IDEES2023'!G5 -> 269.10361 | L11: ='EB1'!$B$6 -> IMP | N11: =$L$11&$C$2&1 -> IMPGAS1 | O11: ="Import of "&$D$2& " Step "&RIGHT(N11,1) -> Import of Natural Gas Step 1 | P11: =$E$2 -> PJ | Q11: =$E$2&"a" -> PJa
B12: =N12 -> EXPGAS1 | C12: =$N$5 -> GAS | L12: ='EB1'!B7 -> EXP | N12: =$L$12&$C$2&1 -> EXPGAS1 | O12: ="Export of "&$D$2& " Step "&RIGHT(N12,1) -> Export of Natural Gas Step 1 | P12: =$E$2 -> PJ | Q12: =$E$2&"a" -> PJa
C19: User inputs
C20: Linked to the Energy Balance

Sheet Pri_OIL
B1: Sector Name | C1: Commodity | D1: Description | E1: Default Unit | F1: Currency Unit
C2: ='EB1'!F2 -> OIL | D2: ='EB1'!F3 -> Crude Oil | E2: ='EB1'!Z2 -> PJ | F2: ='EB1'!Y2 -> M€2025 | I2: ~FI_Comm
I3: Csets | J3: Region | K3: CommName | L3: CommDesc | M3: Unit | N3: LimType | O3: CTSLvl | P3: PeakTS | Q3: Ctype
I4: *Commodity Set Membership | J4: Region Name | K4: Commodity Name | L4: Commodity Description | M4: Unit | N4: Sense of the Balance EQN. | O4: Timeslice Level | P4: Peak Monitoring | Q4: Electricity Indicator
I5: NRG | K5: =C2 -> OIL | L5: =D2 -> Crude Oil | M5: =$E$2 -> PJ
D7: ~FI_T | I7: ~FI_Process
B8: TechName | C8: Comm-IN | D8: Comm-OUT | E8: CUM | F8: COST | G8: ACT_BND | I8: Sets | J8: Region | K8: TechName | L8: TechDesc | M8: Tact | N8: Tcap | O8: Tslvl | P8: PrimaryCG | Q8: Vintage
B9: *Technology Name | C9: Input Commodity | D9: Output Commodity | E9: Reserves Cumulative Value | F9: Cost | G9: Annual Production Bound | I9: *Process Set Membership | J9: Region Name | K9: Technology Name | L9: Technology Description | M9: Activity Unit | N9: Capacity Unit | O9: TimeSlice level of Process Activity | P9: Primary Commodity Group | Q9: Vintage Tracking
B10: *Units | E10: =$E$2 -> PJ | F10: =$F$2&"/"&$E$2 -> M€2025/PJ | G10: =$E$2 -> PJ | I10: *
B11: =K11 -> IMPOIL1 | D11: =$K$5 -> OIL | F11: 8 | I11: ='EB1'!$B$6 -> IMP | K11: =$I$11&$C$2&1 -> IMPOIL1 | L11: ="Import of "&$D$2& " Step "&RIGHT(K11,1) -> Import of Crude Oil Step 1 | M11: =$E$2 -> PJ | N11: =$E$2&"a" -> PJa
B12: =K12 -> EXPOIL1 | C12: =$K$5 -> OIL | F12: 8 | I12: ='EB1'!B7 -> EXP | K12: =$I$12&$C$2&1 -> EXPOIL1 | L12: ="Export of "&$D$2& " Step "&RIGHT(K12,1) -> Export of Crude Oil Step 1 | M12: =$E$2 -> PJ | N12: =$E$2&"a" -> PJa
C20: User inputs
C21: Linked to the Energy Balance

Sheet Pri_NUC
B1: Sector Name | C1: Commodity | D1: Description | E1: Default Unit | F1: Currency Unit
C2: ='EB1'!N2 -> NUC | D2: ='EB1'!N3 -> Nuclear Energy | E2: ='EB1'!Z2 -> PJ | F2: ='EB1'!Y2 -> M€2025 | H2: ~FI_Comm
H3: Csets | I3: Region | J3: CommName | K3: CommDesc | L3: Unit | M3: LimType | N3: CTSLvl | O3: PeakTS | P3: Ctype
H4: *Commodity Set Membership | I4: Region Name | J4: Commodity Name | K4: Commodity Description | L4: Unit | M4: Sense of the Balance EQN. | N4: Timeslice Level | O4: Peak Monitoring | P4: Electricity Indicator
H5: NRG | J5: =C2 -> NUC | K5: =D2 -> Nuclear Energy | L5: =$E$2 -> PJ
D7: ~FI_T | H7: ~FI_Process
B8: TechName | C8: Comm-IN | D8: Comm-OUT | E8: COST | F8: ACT_BND | H8: Sets | I8: Region | J8: TechName | K8: TechDesc | L8: Tact | M8: Tcap | N8: Tslvl | O8: PrimaryCG | P8: Vintage
B9: *Technology Name | C9: Input Commodity | D9: Output Commodity | E9: Cost | F9: Annual Production Bound | H9: *Process Set Membership | I9: Region Name | J9: Technology Name | K9: Technology Description | L9: Activity Unit | M9: Capacity Unit | N9: TimeSlice level of Process Activity | O9: Primary Commodity Group | P9: Vintage Tracking
B10: *Units | E10: =$F$2&"/"&$E$2 -> M€2025/PJ | F10: =$E$2 -> PJ | H10: *
B11: =J11 -> MINNUC1 | D11: =$J$5 -> NUC | E11: 0.25 | H11: ='EB1'!$B$5 -> MIN | J11: =$H$11&$C$2&1 -> MINNUC1 | K11: ="Domestic Supply of "&$D$2& " Step "&RIGHT(J11,1) -> Domestic Supply of Nuclear Energy Step 1 | L11: =$E$2 -> PJ | M11: =$E$2&"a" -> PJa
C23: User inputs
C24: Linked to the Energy Balance

Sheet Pri_RNW
B1: Sector Name | C1: Commodity | D1: Description | E1: Default Unit | F1: Currency Unit
C2: ='EB1'!O2 -> BIO | D2: ='EB1'!O3 -> Biomass | E2: ='EB1'!$Z$2 -> PJ | F2: ='EB1'!Y2 -> M€2025 | H2: ~FI_Comm
C3: ='EB1'!P2 -> HYD | D3: ='EB1'!P3 -> Hydro power | E3: ='EB1'!$Z$2 -> PJ | H3: Csets | I3: Region | J3: CommName | K3: CommDesc | L3: Unit | M3: LimType | N3: CTSLvl | O3: PeakTS | P3: Ctype
C4: ='EB1'!Q2 -> WIN | D4: ='EB1'!Q3 -> Wind energy | E4: ='EB1'!$Z$2 -> PJ | H4: *Commodity Set Membership | I4: Region Name | J4: Commodity Name | K4: Commodity Description | L4: Unit | M4: Sense of the Balance EQN. | N4: Timeslice Level | O4: Peak Monitoring | P4: Electricity Indicator
C5: ='EB1'!R2 -> SOL | D5: ='EB1'!R3 -> Solar energy | E5: ='EB1'!$Z$2 -> PJ | H5: NRG | J5: =C2 -> BIO | K5: =D2 -> Biomass | L5: =$E$2 -> PJ
J6: =C3 -> HYD | K6: =D3 -> Hydro power | L6: =$E$2 -> PJ
J7: =C4 -> WIN | K7: =D4 -> Wind energy | L7: =$E$2 -> PJ
J8: =C5 -> SOL | K8: =D5 -> Solar energy | L8: =$E$2 -> PJ
D10: ~FI_T | H10: ~FI_Process
B11: TechName | C11: Comm-IN | D11: Comm-OUT | E11: COST | F11: ACT_BND | H11: Sets | I11: Region | J11: TechName | K11: TechDesc | L11: Tact | M11: Tcap | N11: Tslvl | O11: PrimaryCG | P11: Vintage
B12: *Technology Name | C12: Input Commodity | D12: Output Commodity | E12: Cost | F12: Annual Production Bound | H12: *Process Set Membership | I12: Region Name | J12: Technology Name | K12: Technology Description | L12: Activity Unit | M12: Capacity Unit | N12: TimeSlice level of Process Activity | O12: Primary Commodity Group | P12: Vintage Tracking
B13: *Units | E13: =$F$2&"/"&$E$2 -> M€2025/PJ | F13: =$E$2 -> PJ | H13: *
B14: =J14 -> MINBIO1 | D14: =J5 -> BIO | E14: 4.05 | H14: ='EB1'!$B$5 -> MIN | J14: =$H$14&C2&1 -> MINBIO1 | K14: ="Domestic Supply of "&D2& " Step "&RIGHT(J14,1) -> Domestic Supply of Biomass Step 1 | L14: =$E$2 -> PJ | M14: =$E$2&"a" -> PJa
B15: =J15 -> MINHYD1 | D15: =J6 -> HYD | J15: =$H$14&C3&1 -> MINHYD1 | K15: ="Domestic Supply of "&D3& " Step "&RIGHT(J15,1) -> Domestic Supply of Hydro power Step 1 | L15: =$E$2 -> PJ | M15: =$E$2&"a" -> PJa
B16: =J16 -> MINWIN1 | D16: =J7 -> WIN | J16: =$H$14&C4&1 -> MINWIN1 | K16: ="Domestic Supply of "&D4& " Step "&RIGHT(J16,1) -> Domestic Supply of Wind energy Step 1 | L16: =$E$2 -> PJ | M16: =$E$2&"a" -> PJa
B17: =J17 -> MINSOL1 | D17: =J8 -> SOL | J17: =$H$14&C5&1 -> MINSOL1 | K17: ="Domestic Supply of "&D5& " Step "&RIGHT(J17,1) -> Domestic Supply of Solar energy Step 1 | L17: =$E$2 -> PJ | M17: =$E$2&"a" -> PJa
C20: User inputs
C21: Linked to the Energy Balance

Sheet Pri_WST
B1: Sector Name | C1: Commodity | D1: Description | E1: Default Unit | F1: Currency Unit
C2: MSW | D2: Municipal waste | E2: ='EB1'!$Z$2 -> PJ | F2: ='EB1'!Y2 -> M€2025 | H2: ~FI_Comm
H3: Csets | I3: Region | J3: CommName | K3: CommDesc | L3: Unit | M3: LimType | N3: CTSLvl | O3: PeakTS | P3: Ctype
H4: *Commodity Set Membership | I4: Region Name | J4: Commodity Name | K4: Commodity Description | L4: Unit | M4: Sense of the Balance EQN. | N4: Timeslice Level | O4: Peak Monitoring | P4: Electricity Indicator
H5: NRG | J5: =C2 -> MSW | K5: =D2 -> Municipal waste | L5: =$E$2 -> PJ
D10: ~FI_T | H10: ~FI_Process
B11: TechName | C11: Comm-IN | D11: Comm-OUT | E11: COST | F11: ACT_BND | H11: Sets | I11: Region | J11: TechName | K11: TechDesc | L11: Tact | M11: Tcap | N11: Tslvl | O11: PrimaryCG | P11: Vintage
B12: *Technology Name | C12: Input Commodity | D12: Output Commodity | E12: Cost | F12: Annual Production Bound | H12: *Process Set Membership | I12: Region Name | J12: Technology Name | K12: Technology Description | L12: Activity Unit | M12: Capacity Unit | N12: TimeSlice level of Process Activity | O12: Primary Commodity Group | P12: Vintage Tracking
B13: *Units | E13: =$F$2&"/"&$E$2 -> M€2025/PJ | F13: =$E$2 -> PJ | H13: *
B14: =J14 -> MINMSW1 | D14: =J5 -> MSW | E14: 4.05 | H14: ='EB1'!$B$5 -> MIN | J14: =$H$14&C2&1 -> MINMSW1 | K14: ="Domestic Supply of "&D2& " Step "&RIGHT(J14,1) -> Domestic Supply of Municipal waste Step 1 | L14: =$E$2 -> PJ | M14: =$E$2&"a" -> PJa
C20: User inputs
C21: Linked to the Energy Balance

Sheet Pri_PP
B1: Sector Name | C1: Commodity | D1: Description | E1: Default Unit | F1: Currency Unit
B2: PRI | C2: ='EB1'!G$2 -> DSL | D2: ='EB1'!G$3 -> Diesel oil | E2: ='EB1'!$Z$2 -> PJ | F2: ='EB1'!Y2 -> M€2025 | H2: ~FI_Comm
C3: ='EB1'!H$2 -> KER | D3: ='EB1'!H$3 -> Kerosenes | E3: ='EB1'!$Z$2 -> PJ | H3: Csets | I3: Region | J3: CommName | K3: CommDesc | L3: Unit | M3: LimType | N3: CTSLvl | O3: PeakTS | P3: Ctype
C4: ='EB1'!I$2 -> LPG | D4: ='EB1'!I$3 -> LPG | E4: ='EB1'!$Z$2 -> PJ | H4: *Commodity Set Membership | I4: Region Name | J4: Commodity Name | K4: Commodity Description | L4: Unit | M4: Sense of the Balance EQN. | N4: Timeslice Level | O4: Peak Monitoring | P4: Electricity Indicator
C5: ='EB1'!J$2 -> GSL | D5: ='EB1'!J$3 -> Motor spirit | E5: ='EB1'!$Z$2 -> PJ | H5: NRG | J5: =C2 -> DSL | K5: =D2 -> Diesel oil | L5: =$E$2 -> PJ
C6: ='EB1'!K$2 -> NAP | D6: ='EB1'!K$3 -> Naphtha | E6: ='EB1'!$Z$2 -> PJ | J6: =C3 -> KER | K6: =D3 -> Kerosenes | L6: =$E$2 -> PJ
C7: ='EB1'!L$2 -> HFO | D7: ='EB1'!L$3 -> Heavy Fuel Oil | E7: ='EB1'!$Z$2 -> PJ | J7: =C4 -> LPG | K7: =D4 -> LPG | L7: =$E$2 -> PJ
C8: ='EB1'!M$2 -> OPP | D8: ='EB1'!M$3 -> Other Petroleum Products | E8: ='EB1'!$Z$2 -> PJ | J8: =C5 -> GSL | K8: =D5 -> Motor spirit | L8: =$E$2 -> PJ
J9: =C6 -> NAP | K9: =D6 -> Naphtha | L9: =$E$2 -> PJ
J10: =C7 -> HFO | K10: =D7 -> Heavy Fuel Oil | L10: =$E$2 -> PJ
J11: =C8 -> OPP | K11: =D8 -> Other Petroleum Products | L11: =$E$2 -> PJ
D13: ~FI_T | H13: ~FI_Process
B14: TechName | C14: Comm-IN | D14: Comm-OUT | E14: COST | F14: ACT_BND | H14: Sets | I14: Region | J14: TechName | K14: TechDesc | L14: Tact | M14: Tcap | N14: Tslvl | O14: PrimaryCG | P14: Vintage
B15: *Technology Name | C15: Input Commodity | D15: Output Commodity | E15: Cost | F15: Annual Production Bound | H15: *Process Set Membership | I15: Region Name | J15: Technology Name | K15: Technology Description | L15: Activity Unit | M15: Capacity Unit | N15: TimeSlice level of Process Activity | O15: Primary Commodity Group | P15: Vintage Tracking
B16: *Units | E16: =$F$2&"/"&$E$2 -> M€2025/PJ | F16: =$E$2 -> PJ | H16: *
B17: =J17 -> IMPDSL1 | D17: =C2 -> DSL | E17: =Pri_OIL!$F$11*1.3 -> 10.4 | H17: ='EB1'!$B$6 -> IMP | J17: =$H$17&C2&1 -> IMPDSL1 | K17: ="Import of "&D2& " Step "&RIGHT(J17,1) -> Import of Diesel oil Step 1 | L17: =$E$2 -> PJ
B18: =J18 -> IMPKER1 | D18: =C3 -> KER | E18: =Pri_OIL!$F$11*1.4 -> 11.2 | J18: =$H$17&C3&1 -> IMPKER1 | K18: ="Import of "&D3& " Step "&RIGHT(J18,1) -> Import of Kerosenes Step 1 | L18: =$E$2 -> PJ
B19: =J19 -> IMPLPG1 | D19: =C4 -> LPG | E19: =Pri_OIL!$F$11*1.1 -> 8.8 | J19: =$H$17&C4&1 -> IMPLPG1 | K19: ="Import of "&D4& " Step "&RIGHT(J19,1) -> Import of LPG Step 1 | L19: =$E$2 -> PJ
B20: =J20 -> IMPGSL1 | D20: =C5 -> GSL | E20: =Pri_OIL!$F$11*1.4 -> 11.2 | J20: =$H$17&C5&1 -> IMPGSL1 | K20: ="Import of "&D5& " Step "&RIGHT(J20,1) -> Import of Motor spirit Step 1 | L20: =$E$2 -> PJ
B21: =J21 -> IMPNAP1 | D21: =C6 -> NAP | E21: =Pri_OIL!$F$11*1.05 -> 8.4 | J21: =$H$17&C6&1 -> IMPNAP1 | K21: ="Import of "&D6& " Step "&RIGHT(J21,1) -> Import of Naphtha Step 1 | L21: =$E$2 -> PJ
B22: =J22 -> IMPHFO1 | D22: =C7 -> HFO | E22: =Pri_OIL!$F$11*1.05 -> 8.4 | J22: =$H$17&C7&1 -> IMPHFO1 | K22: ="Import of "&D7& " Step "&RIGHT(J22,1) -> Import of Heavy Fuel Oil Step 1 | L22: =$E$2 -> PJ
B23: =J23 -> IMPOPP1 | D23: =C8 -> OPP | E23: =Pri_OIL!$F$11*1.05 -> 8.4 | J23: =$H$17&C8&1 -> IMPOPP1 | K23: ="Import of "&D8& " Step "&RIGHT(J23,1) -> Import of Other Petroleum Products Step 1 | L23: =$E$2 -> PJ
B24: =J24 -> EXPDSL1 | C24: =C2 -> DSL | E24: =E17*0.99 -> 10.296 | H24: ='EB1'!B7 -> EXP | J24: =$H$24&C2&1 -> EXPDSL1 | K24: ="Export of "&D2& " Step "&RIGHT(J24,1) -> Export of Diesel oil Step 1 | L24: =$E$2 -> PJ
B25: =J25 -> EXPKER1 | C25: =C3 -> KER | E25: =E18*0.99 -> 11.088 | J25: =$H$24&C3&1 -> EXPKER1 | K25: ="Export of "&D3& " Step "&RIGHT(J25,1) -> Export of Kerosenes Step 1 | L25: =$E$2 -> PJ
B26: =J26 -> EXPLPG1 | C26: =C4 -> LPG | E26: =E19*0.99 -> 8.712 | J26: =$H$24&C4&1 -> EXPLPG1 | K26: ="Export of "&D4& " Step "&RIGHT(J26,1) -> Export of LPG Step 1 | L26: =$E$2 -> PJ
B27: =J27 -> EXPGSL1 | C27: =C5 -> GSL | E27: =E20*0.99 -> 11.088 | J27: =$H$24&C5&1 -> EXPGSL1 | K27: ="Export of "&D5& " Step "&RIGHT(J27,1) -> Export of Motor spirit Step 1 | L27: =$E$2 -> PJ
B28: =J28 -> EXPNAP1 | C28: =C6 -> NAP | E28: =E21*0.99 -> 8.316 | J28: =$H$24&C6&1 -> EXPNAP1 | K28: ="Export of "&D6& " Step "&RIGHT(J28,1) -> Export of Naphtha Step 1 | L28: =$E$2 -> PJ
B29: =J29 -> EXPHFO1 | C29: =C7 -> HFO | E29: =E22*0.99 -> 8.316 | J29: =$H$24&C7&1 -> EXPHFO1 | K29: ="Export of "&D7& " Step "&RIGHT(J29,1) -> Export of Heavy Fuel Oil Step 1 | L29: =$E$2 -> PJ
B30: =J30 -> EXPOPP1 | C30: =C8 -> OPP | E30: =E23*0.99 -> 8.316 | J30: =$H$24&C8&1 -> EXPOPP1 | K30: ="Export of "&D8& " Step "&RIGHT(J30,1) -> Export of Other Petroleum Products Step 1 | L30: =$E$2 -> PJ
C35: User inputs
C36: Linked to the Energy Balance

Sheet Pri_ELC
B1: Sector Name | C1: Commodity | D1: Description | E1: Default Unit | F1: Currency Unit
B2: PRI | C2: ='EB1'!U$2 -> ELC | D2: ='EB1'!U$3 -> Electricity | E2: TWh | F2: ='EB1'!Y2 -> M€2025 | J2: ~FI_Comm
J3: Csets | K3: Region | L3: CommName | M3: CommDesc | N3: Unit | O3: LimType | P3: CTSLvl | Q3: PeakTS | R3: Ctype
J4: *Commodity Set Membership | K4: Region Name | L4: Commodity Name | M4: Commodity Description | N4: Unit | O4: Sense of the Balance EQN. | P4: Timeslice Level | Q4: Peak Monitoring | R4: Electricity Indicator
D11: ~FI_T | J11: ~FI_Process
B12: TechName | C12: Comm-IN | D12: Comm-OUT | E12: FLO_COST | F12: NCAP_PASTI | G12: Cap2ACT | H12: NCAP_AF | J12: Sets | K12: Region | L12: TechName | M12: TechDesc | N12: Tact | O12: Tcap | P12: Tslvl | Q12: PrimaryCG | R12: Vintage
B13: *Technology Name | C13: Input Commodity | D13: Output Commodity | E13: Cost | F13: Annual Production Bound | J13: *Process Set Membership | K13: Region Name | L13: Technology Name | M13: Technology Description | N13: Activity Unit | O13: Capacity Unit | P13: TimeSlice level of Process Activity | Q13: Primary Commodity Group | R13: Vintage Tracking
B14: *Units | E14: =$F$2&"/"&$E$2 -> M€2025/TWh | F14: =O15 -> GW | J14: *
B15: =L15 -> IMPELCFIN | D15: =C2 -> ELC | E15: 80.39 | F15: 1.016 | G15: 8.76 | H15: 0.9 | J15: ='EB1'!$B$6 -> IMP | L15: IMPELCFIN | M15: Import of Electricity from Finland | N15: =$E$2 -> TWh | O15: GW | P15: DAYNITE
B16: =L16 -> IMPELCLV | D16: =C2 -> ELC | E16: 85.31 | F16: 1.149 | G16: 8.76 | H16: 0.9 | J16: IMP | L16: IMPELCLV | M16: Import of Electricity from Latvia | N16: =$E$2 -> TWh | O16: GW | P16: DAYNITE
B17: =L17 -> EXPELCFIN | C17: =C2 -> ELC | E17: 40.49 | F17: 1.016 | G17: 8.76 | H17: 0.9 | J17: ='EB1'!B7 -> EXP | L17: EXPELCFIN | M17: Export of Electricity to Finland | N17: =$E$2 -> TWh | O17: GW | P17: DAYNITE
B18: =L18 -> EXPELCLV | C18: =C2 -> ELC | E18: 85.31 | F18: 0.85 | G18: 8.76 | H18: 0.9 | J18: EXP | L18: EXPELCLV | M18: Export of Electricity to Latvia | N18: =$E$2 -> TWh | O18: GW | P18: DAYNITE
C21: User inputs
C22: Linked to the Energy Balance

Sheet Con_REF
B1: Sector Name | C1: Description | D1: Type | E1: Activity Unit | F1: Capacity unit | G1: Currency Unit | H1: Existing
B2: REF | C2: Refinery | D2: Refinery | E2: ='EB1'!Z2 -> PJ | F2: Pja | G2: ='EB1'!Y2 -> M€2025 | H2: E | J2: ~FI_Comm
J3: Csets | K3: Region | L3: CommName | M3: CommDesc | N3: Unit | O3: LimType | P3: CTSLvl | Q3: PeakTS | R3: Ctype
J4: *Commodity Set Membership | K4: Region Name | L4: Commodity Name | M4: Commodity Description | N4: Unit | O4: Sense of the Balance EQN. | P4: Timeslice Level | Q4: Peak Monitoring | R4: Electricity Indicator
D8: ~FI_T | J8: ~FI_Process
B9: TechName | C9: Comm-IN | D9: Comm-OUT | E9: Share-O~UP | F9: EFF | G9: ACT_BND | J9: Sets | K9: Region | L9: TechName | M9: TechDesc | N9: Tact | O9: Tcap | P9: Tslvl | Q9: PrimaryCG | R9: Vintage
B10: *Technology Name | C10: Input Commodity | D10: Output Commodity | E10: Output Share | F10: Efficiency | G10: Activity Bound | J10: *Process Set Membership | K10: Region Name | L10: Technology Name | M10: Technology Description | N10: Activity Unit | O10: Capacity Unit | P10: TimeSlice level of Process Activity | Q10: Primary Commodity Group | R10: Vintage Tracking
B11: *Units | E11: =$F$2 -> Pja | J11: *
B12: =L12 -> REFEOIL00 | C12: ='EB1'!F2 -> OIL | D12: ='EB1'!G2 -> DSL | E12: ='EB1'!G$13/SUM('EB1'!$G$13:$M$13) -> 0.36389901 | F12: =-SUM('EB1'!F13)/SUM('EB1'!G13:M13) -> 1.0128204 | J12: PRE | L12: =$B$2&$H$2&'EB1'!F2&"00" -> REFEOIL00 | M12: =$D$2&" "&$H$1&RIGHT(L12,2) -> Refinery Existing00 | N12: =$E$2 -> PJ | O12: =$F$2 -> Pja | Q12: NRGI
D13: ='EB1'!H2 -> KER | E13: ='EB1'!H$13/SUM('EB1'!$G$13:$M$13) -> 0.0618788
D14: ='EB1'!I2 -> LPG | E14: ='EB1'!I$13/SUM('EB1'!$G$13:$M$13) -> 0.069335445
D15: ='EB1'!J2 -> GSL | E15: ='EB1'!J$13/SUM('EB1'!$G$13:$M$13) -> 0.21413372
D16: ='EB1'!K2 -> NAP | E16: ='EB1'!K$13/SUM('EB1'!$G$13:$M$13) -> 0.0619305
D17: ='EB1'!L2 -> HFO | E17: ='EB1'!L$13/SUM('EB1'!$G$13:$M$13) -> 0.14585104
D18: ='EB1'!M2 -> OPP | E18: ='EB1'!M$13/SUM('EB1'!$G$13:$M$13) -> 0.082971493
C23: User inputs
C24: Linked to the Energy Balance
