Workbook
Name FID_1: [1]AGR_Fuels!$A$2

Sheet DemTechs_TPS
B1: Sector Name | C1: Description | D1: Type | E1: Default Unit | F1: Currency Unit | H1: Existing
L2: ~FI_Comm
L3: Csets | M3: Region | N3: CommName | O3: CommDesc | P3: Unit | Q3: LimType | R3: CTSLvl | S3: PeakTS | T3: Ctype
L4: *Commodity Set Membership | M4: Region Name | N4: Commodity Name | O4: Commodity Description | P4: Unit | Q4: Sense of the Balance EQN. | R4: Timeslice Level | S4: Peak Monitoring | T4: Electricity Indicator
L5: DEM | N5: DEMELC | O5: Demand of electricity in all sectors | P5: TWh
D8: ~FI_T | M8: ~FI_Process
B9: TechName | C9: Comm-IN | D9: Comm-OUT | E9: STOCK | F9: EFF | G9: AFA | H9: INVCOST | I9: FIXOM | J9: CAP2ACT | K9: LIFE | M9: Sets | N9: Region | O9: TechName | P9: TechDesc | Q9: Tact | R9: Tcap | S9: Tslvl | T9: PrimaryCG | U9: Vintage
B10: *Technology Name | C10: Input Commodity | D10: Output Commodity | E10: Existing Installed Capacity | F10: Efficiency | G10: Utilisation Factor | H10: Invesctment Cost | I10: Fixed O&M Cost | J10: Capacity to Activity Factor | K10: Lifetime | M10: *Process Set Membership | N10: Region Name | O10: Technology Name | P10: Technology Description | Q10: Activity Unit | R10: Capacity Unit | S10: TimeSlice level of Process Activity | T10: Primary Commodity Group | U10: Vintage Tracking
B11: *Units | E11: =E2&"a" -> a | H11: =$F$2&"/"&$E$2 -> / | I11: =$F$2&"/"&$E$2&"a" -> /a | K11: Years | M11: *
B12: =O12 -> DTECHELC | C12: ELC | D12: =N5 -> DEMELC | F12: 1 | J12: 8.76 | K12: 20 | M12: DMD | O12: DTECHELC | P12: Demand of Electricity | Q12: TWh | R12: GW

Sheet Demands
C3: ~FI_T | J3: FI_T
B4: Attribute | C4: CommName | D4: 2025 | J4: ATTRIBUTE | K4: CommName | L4: Timeslice | M4: 2025
B5: * | C5: Demand Commodity Name | D5: Demand Value | J5: *
B6: *Units | J6: *
B7: Demand | C7: =DemTechs_TPS!N5 -> DEMELC | J7: COM_FR | K7: =$C$7 -> DEMELC | L7: S01H01 | M7: 0.03990755
J8: COM_FR | K8: =$C$7 -> DEMELC | L8: S01H02 | M8: 0.042568441
J9: COM_FR | K9: =$C$7 -> DEMELC | L9: S01H03 | M9: 0.049357091
J10: COM_FR | K10: =$C$7 -> DEMELC | L10: S01H04 | M10: 0.04693575
J11: COM_FR | K11: =$C$7 -> DEMELC | L11: S01H05 | M11: 0.05032437
J12: COM_FR | K12: =$C$7 -> DEMELC | L12: S01H06 | M12: 0.046445707
J13: COM_FR | K13: =$C$7 -> DEMELC | L13: S02H01 | M13: 0.03198761
J14: COM_FR | K14: =$C$7 -> DEMELC | L14: S02H02 | M14: 0.034506287
J15: COM_FR | K15: =$C$7 -> DEMELC | L15: S02H03 | M15: 0.041710976
J16: COM_FR | K16: =$C$7 -> DEMELC | L16: S02H04 | M16: 0.041107001
J17: COM_FR | K17: =$C$7 -> DEMELC | L17: S02H05 | M17: 0.038350662
J18: COM_FR | K18: =$C$7 -> DEMELC | L18: S02H06 | M18: 0.037409763
J19: COM_FR | K19: =$C$7 -> DEMELC | L19: S03H01 | M19: 0.031132437
... J30: COM_FR | K30: =$C$7 -> DEMELC | L30: S04H06 | M30: 0.045311196
P34: =SUM(M7:M30) -> 1

Sheet SUBELCDEMTechs
S5: ~FI_Comm
S6: Csets | T6: Region | U6: CommName | V6: CommDesc | W6: Unit | X6: LimType | Y6: CTSLvl | Z6: PeakTS | AA6: Ctype
S7: *Commodity Set Membership | T7: Region Name | U7: Commodity Name | V7: Commodity Description | W7: Unit | X7: Sense of the Balance EQN. | Y7: Timeslice Level | Z7: Peak Monitoring | AA7: Electricity Indicator
S8: DEM | U8: DEMELC_COM | V8: Demand of Electricity in Commodity Sector | W8: TWh
S9: DEM | U9: DEMELC_RSD | V9: Demand of Electricity in Residential Sector | W9: TWh
S10: DEM | U10: DEMELC_IND | V10: Demand of Electricity in Industry Sector | W10: TWh
S11: DEM | U11: DEMELC_TRA | V11: Demand of Electricity in Transport Sector | W11: TWh
E15: ~FI_T | S15: ~FI_Process
C16: TechName | D16: Comm-IN | E16: Comm-OUT | F16: STOCK | G16: EFF | H16: AFA | I16: INVCOST | J16: FIXOM | K16: CAP2ACT | L16: LIFE | S16: Sets | T16: Region | U16: TechName | V16: TechDesc | W16: Tact | X16: Tcap | Y16: Tslvl | Z16: PrimaryCG | AA16: Vintage
C17: *Technology Name | D17: Input Commodity | E17: Output Commodity | F17: Existing Installed Capacity | G17: Efficiency | H17: Utilisation Factor | I17: Invesctment Cost | J17: Fixed O&M Cost | K17: Capacity to Activity Factor | L17: Lifetime | S17: *Process Set Membership | T17: Region Name | U17: Technology Name | V17: Technology Description | W17: Activity Unit | X17: Capacity Unit | Y17: TimeSlice level of Process Activity | Z17: Primary Commodity Group | AA17: Vintage Tracking
C18: *Units | F18: =E10&"a" -> a | I18: =$F$2&"/"&$E$2 -> / | J18: =$F$2&"/"&$E$2&"a" -> /a | L18: Years | S18: *
C19: =U19 -> DTECHELC_COM | D19: =DemTechs_TPS!$D$12 -> DEMELC | E19: =U8 -> DEMELC_COM | G19: 1 | K19: 8.76 | L19: 20 | S19: DMD | U19: DTECHELC_COM | V19: Demand Technologies of Electricity in Commodity Sector | W19: TWh | X19: GW
C20: =U20 -> DTECHELC_RSD | D20: =DemTechs_TPS!$D$12 -> DEMELC | E20: =U9 -> DEMELC_RSD | G20: 1 | K20: 8.76 | L20: 20 | S20: DMD | U20: DTECHELC_RSD | V20: Demand Technologies of Electricity in Residential Sector | W20: TWh | X20: GW
C21: =U21 -> DTECHELC_IND | D21: =DemTechs_TPS!$D$12 -> DEMELC | E21: =U10 -> DEMELC_IND | G21: 1 | K21: 8.76 | L21: 20 | S21: DMD | U21: DTECHELC_IND | V21: Demand Technologies of Electricity in Industry Sector | W21: TWh | X21: GW
C22: =U22 -> DTECHELC_TRA | D22: =DemTechs_TPS!$D$12 -> DEMELC | E22: =U11 -> DEMELC_TRA | G22: 1 | K22: 8.76 | L22: 20 | S22: DMD | U22: DTECHELC_TRA | V22: Demand Technologies of Electricity in Transport Sector | W22: TWh | X22: GW

Sheet SUBELC_Demands
C3: ~FI_T
B4: Attribute | C4: CommName | D4: 2025 | E4: 2030 | F4: 2035 | G4: 2040 | H4: 2045 | I4: 2050
B5: * | C5: Demand Commodity Name | D5: Demand Value | E5: Demand Value | F5: Demand Value | G5: Demand Value | H5: Demand Value | I5: Demand Value
B6: *Units
B7: Demand | C7: =SUBELCDEMTechs!U8 -> DEMELC_COM | D7: 3.398 | E7: 3.57 | F7: 3.975 | G7: 4.312 | H7: 4.583 | I7: 4.798
B8: Demand | C8: =SUBELCDEMTechs!U9 -> DEMELC_RSD | D8: 2.602 | E8: 2.635 | F8: 2.657 | G8: 2.806 | H8: 3.008 | I8: 3.306
B9: Demand | C9: =SUBELCDEMTechs!U10 -> DEMELC_IND | D9: 2.191 | E9: 2.318 | F9: 2.547 | G9: 2.772 | H9: 2.997 | I9: 3.206
B10: Demand | C10: =SUBELCDEMTechs!U11 -> DEMELC_TRA | D10: 0.281 | E10: 0.586 | F10: 1.095 | G10: 1.469 | H10: 2.366 | I10: 3.269
