Workbook

Sheet Veda
G1: 1,2,3,4,5,6,7,8,9,10,11,12,13,14,15,21,22,23,24,25,31,32,33,34,35,36,37,38,39,40,41,42,43,44,45,46,47,48,49,50,56,57,58,59,60,66,67,68,69,70
D2: ="~Inputcell: "&_xlfn.TEXTJOIN(",",TRUE,G1:EE1) -> ~Inputcell: 1,2,3,4,5,6,7,8,9,10,11,12,13,14,15,21,22,23,24,25,31,32,33,34,35,36,37,38,39,40,41,42,43,44,45,46,47,48,49,50,56,57,58,59,60,66,67,68,69,70 | G2: 5 | H2: 6 | I2: 7 | J2: 9 | K2: 10 | L2: 11 | M2: 16 | N2: 17 | O2: 18 | P2: 20 | Q2: 21 | R2: 22 | S2: 27 | T2: 28 | U2: 29 | V2: 31 | W2: 32 | X2: 33 | Y2: 38 | Z2: 39 | AA2: 40 | AB2: 42 | AC2: 43 | AD2: 44 | AE2: 49 | AF2: 50 | AG2: 51 | AH2: 53 | AI2: 54 | AJ2: 55
D3: 1
D5: =VLOOKUP(D3,$C$9:$E$999,2,FALSE) -> ts_annual | E5: =VLOOKUP(D3,$C$9:$E$999,3,FALSE) -> C1
B7: ~Scenmap
A8: priority | B8: scen | C8: case_no | D8: timeslice | E8: climate
A9: 5 | B9: =VLOOKUP(E9,$AK$9:$AL$15,2,FALSE)&"."&VLOOKUP(D9,$AH$9:$AI$24,2,FALSE) -> e 1.5 deg no OS.kAnn | C9: 1 | D9: =VLOOKUP(AJ9,$AG$9:$AH$22,2,FALSE) -> ts_annual | E9: C1 | G9: Limit warming to 1.5°C (>50%) with no or limited overshoot | AG9: 1 | AH9: ts_annual | AI9: kAnn | AJ9: 1 | AK9: C1 | AL9: e 1.5 deg no OS
A10: 5 | B10: =VLOOKUP(E10,$AK$9:$AL$15,2,FALSE)&"."&VLOOKUP(D10,$AH$9:$AI$24,2,FALSE) -> d 1.5 deg OS.kAnn | C10: =C9+1 -> 2 | D10: =VLOOKUP(AJ10,$AG$9:$AH$22,2,FALSE) -> ts_annual | E10: C2 | G10: Limit warming to 1.5°C (>67%) with high overshoot | S10: IEA | AG10: 2 | AH10: ts_12t | AI10: k12 | AJ10: 1 | AK10: C2 | AL10: d 1.5 deg OS
A11: 5 | B11: =VLOOKUP(E11,$AK$9:$AL$15,2,FALSE)&"."&VLOOKUP(D11,$AH$9:$AI$24,2,FALSE) -> c 2 deg (67%).kAnn | C11: =C10+1 -> 3 | D11: =VLOOKUP(AJ11,$AG$9:$AH$22,2,FALSE) -> ts_annual | E11: C3 | G11: Limit warming to 2°C (>67%) with higher action post-2030 | S11: 2022 | AG11: 3 | AH11: ts_012 | AI11: j12 | AJ11: 1 | AK11: C3 | AL11: c 2 deg (67%)
A12: 5 | B12: =VLOOKUP(E12,$AK$9:$AL$15,2,FALSE)&"."&VLOOKUP(D12,$AH$9:$AI$24,2,FALSE) -> b 2 deg (50%).kAnn | C12: =C11+1 -> 4 | D12: =VLOOKUP(AJ12,$AG$9:$AH$22,2,FALSE) -> ts_annual | E12: C4 | G12: Limit warming to 2°C (>50%) with immediate action | S12: =SUMIFS(iea_data!I3:I9999,iea_data!$B$3:$B$9999,Veda!$S$11)+T28-T29 -> 9.95 | T12: base-year generation (TWh) | AG12: 4 | AH12: ts_024 | AI12: i24 | AJ12: 1 | AK12: C4 | AL12: b 2 deg (50%)
A13: 5 | B13: =VLOOKUP(E13,$AK$9:$AL$15,2,FALSE)&"."&VLOOKUP(D13,$AH$9:$AI$24,2,FALSE) -> a 3 deg.kAnn | C13: =C12+1 -> 5 | D13: =VLOOKUP(AJ13,$AG$9:$AH$22,2,FALSE) -> ts_annual | E13: C7 | G13: Likely above 3°C warming with limited mitigation | AG13: 5 | AH13: ts_048 | AI13: h48 | AJ13: 1 | AK13: C7 | AL13: a 3 deg
A14: 5 | B14: =VLOOKUP(E14,$AK$9:$AL$15,2,FALSE)&"."&VLOOKUP(D14,$AH$9:$AI$24,2,FALSE) -> e 1.5 deg no OS.k12 | C14: =C13+1 -> 6 | D14: =VLOOKUP(AJ14,$AG$9:$AH$22,2,FALSE) -> ts_12t | E14: =E9 -> C1 | T14: =S12 -> 9.95 | U14: =$S$12*J15 -> 10.2485 | V14: =$S$12*K15 -> 11.8405 | W14: =$S$12*L15 -> 14.2285 | X14: =$S$12*M15 -> 16.4175 | Y14: =$S$12*N15 -> 18.0095 | Z14: =$S$12*O15 -> 19.2035 | AG14: 6 | AH14: ts_064 | AI14: g64 | AJ14: =AJ9+1 -> 2
A15: 5 | B15: =VLOOKUP(E15,$AK$9:$AL$15,2,FALSE)&"."&VLOOKUP(D15,$AH$9:$AI$24,2,FALSE) -> d 1.5 deg OS.k12 | C15: =C14+1 -> 7 | D15: =VLOOKUP(AJ15,$AG$9:$AH$22,2,FALSE) -> ts_12t | E15: =E10 -> C2 | G15: Electricity growth relative to 2020 | I15: =SUMIFS(ar6_r10!$F$2:$F$999,ar6_r10!$A$2:$A$999,Veda!$E$5,ar6_r10!$C$2:$C$999,Veda!I$17,ar6_r10!$M$2:$M$999,Veda!$G15) -> 1 | J15: =SUMIFS(ar6_r10!$F$2:$F$999,ar6_r10!$A$2:$A$999,Veda!$E$5,ar6_r10!$C$2:$C$999,Veda!J$17,ar6_r10!$M$2:$M$999,Veda!$G15) -> 1.03 | K15: =SUMIFS(ar6_r10!$F$2:$F$999,ar6_r10!$A$2:$A$999,Veda!$E$5,ar6_r10!$C$2:$C$999,Veda!K$17,ar6_r10!$M$2:$M$999,Veda!$G15) -> 1.19 | L15: =SUMIFS(ar6_r10!$F$2:$F$999,ar6_r10!$A$2:$A$999,Veda!$E$5,ar6_r10!$C$2:$C$999,Veda!L$17,ar6_r10!$M$2:$M$999,Veda!$G15) -> 1.43 | M15: =SUMIFS(ar6_r10!$F$2:$F$999,ar6_r10!$A$2:$A$999,Veda!$E$5,ar6_r10!$C$2:$C$999,Veda!M$17,ar6_r10!$M$2:$M$999,Veda!$G15) -> 1.65 | N15: =SUMIFS(ar6_r10!$F$2:$F$999,ar6_r10!$A$2:$A$999,Veda!$E$5,ar6_r10!$C$2:$C$999,Veda!N$17,ar6_r10!$M$2:$M$999,Veda!$G15) -> 1.81 | O15: =SUMIFS(ar6_r10!$F$2:$F$999,ar6_r10!$A$2:$A$999,Veda!$E$5,ar6_r10!$C$2:$C$999,Veda!O$17,ar6_r10!$M$2:$M$999,Veda!$G15) -> 1.93 | AG15: 7 | AH15: ts_096P50 | AI15: f96p50 | AJ15: =AJ10+1 -> 2
A16: 5 | B16: =VLOOKUP(E16,$AK$9:$AL$15,2,FALSE)&"."&VLOOKUP(D16,$AH$9:$AI$24,2,FALSE) -> c 2 deg (67%).k12 | C16: =C15+1 -> 8 | D16: =VLOOKUP(AJ16,$AG$9:$AH$22,2,FALSE) -> ts_12t | E16: =E11 -> C3 | S16: ~TFM_INS-TS | AG16: 8 | AH16: ts_096P10 | AI16: f96p10 | AJ16: =AJ11+1 -> 2
A17: 5 | B17: =VLOOKUP(E17,$AK$9:$AL$15,2,FALSE)&"."&VLOOKUP(D17,$AH$9:$AI$24,2,FALSE) -> b 2 deg (50%).k12 | C17: =C16+1 -> 9 | D17: =VLOOKUP(AJ17,$AG$9:$AH$22,2,FALSE) -> ts_12t | E17: =E12 -> C4 | I17: 2020 | J17: =U17 -> 2025 | K17: =V17 -> 2030 | L17: =W17 -> 2035 | M17: =X17 -> 2040 | N17: =Y17 -> 2045 | O17: =Z17 -> 2050 | S17: commodity | T17: 2022 | U17: 2025 | V17: 2030 | W17: 2035 | X17: 2040 | Y17: 2045 | Z17: 2050 | AA17: attribute | AG17: 9 | AH17: ts_096P90 | AI17: f96p90 | AJ17: =AJ12+1 -> 2
A18: 5 | B18: =VLOOKUP(E18,$AK$9:$AL$15,2,FALSE)&"."&VLOOKUP(D18,$AH$9:$AI$24,2,FALSE) -> a 3 deg.k12 | C18: =C17+1 -> 10 | D18: =VLOOKUP(AJ18,$AG$9:$AH$22,2,FALSE) -> ts_12t | E18: =E13 -> C7 | G18: Hydrogen as a share of electricity | I18: =SUMIFS(ar6_r10!$F$2:$F$999,ar6_r10!$A$2:$A$999,Veda!$E$5,ar6_r10!$C$2:$C$999,Veda!I$17,ar6_r10!$M$2:$M$999,Veda!$G18) -> 0.01 | J18: =SUMIFS(ar6_r10!$F$2:$F$999,ar6_r10!$A$2:$A$999,Veda!$E$5,ar6_r10!$C$2:$C$999,Veda!J$17,ar6_r10!$M$2:$M$999,Veda!$G18) -> 0.01 | K18: =SUMIFS(ar6_r10!$F$2:$F$999,ar6_r10!$A$2:$A$999,Veda!$E$5,ar6_r10!$C$2:$C$999,Veda!K$17,ar6_r10!$M$2:$M$999,Veda!$G18) -> 0.01 | L18: =SUMIFS(ar6_r10!$F$2:$F$999,ar6_r10!$A$2:$A$999,Veda!$E$5,ar6_r10!$C$2:$C$999,Veda!L$17,ar6_r10!$M$2:$M$999,Veda!$G18) -> 0.03 | M18: =SUMIFS(ar6_r10!$F$2:$F$999,ar6_r10!$A$2:$A$999,Veda!$E$5,ar6_r10!$C$2:$C$999,Veda!M$17,ar6_r10!$M$2:$M$999,Veda!$G18) -> 0.03 | N18: =SUMIFS(ar6_r10!$F$2:$F$999,ar6_r10!$A$2:$A$999,Veda!$E$5,ar6_r10!$C$2:$C$999,Veda!N$17,ar6_r10!$M$2:$M$999,Veda!$G18) -> 0.04 | O18: =SUMIFS(ar6_r10!$F$2:$F$999,ar6_r10!$A$2:$A$999,Veda!$E$5,ar6_r10!$C$2:$C$999,Veda!O$17,ar6_r10!$M$2:$M$999,Veda!$G18) -> 0.05 | S18: hydrogen_allsect | T18: =I18*T$14 -> 0.0995 | U18: =J18*U$14 -> 0.102485 | V18: =K18*V$14 -> 0.118405 | W18: =L18*W$14 -> 0.426855 | X18: =M18*X$14 -> 0.492525 | Y18: =N18*Y$14 -> 0.72038 | Z18: =O18*Z$14 -> 0.960175 | AA18: demand | AG18: 10 | AH18: s1p1v1_d | AI18: e3d | AJ18: =AJ13+1 -> 2
A19: 5 | B19: =VLOOKUP(E19,$AK$9:$AL$15,2,FALSE)&"."&VLOOKUP(D19,$AH$9:$AI$24,2,FALSE) -> e 1.5 deg no OS.j12 | C19: =C18+1 -> 11 | D19: =VLOOKUP(AJ19,$AG$9:$AH$22,2,FALSE) -> ts_012 | E19: =E14 -> C1 | G19: Industry electricity share | I19: =SUMIFS(ar6_r10!$F$2:$F$999,ar6_r10!$A$2:$A$999,Veda!$E$5,ar6_r10!$C$2:$C$999,Veda!I$17,ar6_r10!$M$2:$M$999,Veda!$G19) -> 0.35 | J19: =SUMIFS(ar6_r10!$F$2:$F$999,ar6_r10!$A$2:$A$999,Veda!$E$5,ar6_r10!$C$2:$C$999,Veda!J$17,ar6_r10!$M$2:$M$999,Veda!$G19) -> 0.32 | K19: =SUMIFS(ar6_r10!$F$2:$F$999,ar6_r10!$A$2:$A$999,Veda!$E$5,ar6_r10!$C$2:$C$999,Veda!K$17,ar6_r10!$M$2:$M$999,Veda!$G19) -> 0.3 | L19: =SUMIFS(ar6_r10!$F$2:$F$999,ar6_r10!$A$2:$A$999,Veda!$E$5,ar6_r10!$C$2:$C$999,Veda!L$17,ar6_r10!$M$2:$M$999,Veda!$G19) -> 0.29 | M19: =SUMIFS(ar6_r10!$F$2:$F$999,ar6_r10!$A$2:$A$999,Veda!$E$5,ar6_r10!$C$2:$C$999,Veda!M$17,ar6_r10!$M$2:$M$999,Veda!$G19) -> 0.29 | N19: =SUMIFS(ar6_r10!$F$2:$F$999,ar6_r10!$A$2:$A$999,Veda!$E$5,ar6_r10!$C$2:$C$999,Veda!N$17,ar6_r10!$M$2:$M$999,Veda!$G19) -> 0.3 | O19: =SUMIFS(ar6_r10!$F$2:$F$999,ar6_r10!$A$2:$A$999,Veda!$E$5,ar6_r10!$C$2:$C$999,Veda!O$17,ar6_r10!$M$2:$M$999,Veda!$G19) -> 0.31 | S19: elc_industry | T19: =I19*T$14 -> 3.4825 | U19: =J19*U$14 -> 3.27952 | V19: =K19*V$14 -> 3.55215 | W19: =L19*W$14 -> 4.126265 | X19: =M19*X$14 -> 4.761075 | Y19: =N19*Y$14 -> 5.40285 | Z19: =O19*Z$14 -> 5.953085 | AA19: demand | AG19: 11 | AH19: s3p3v3_d | AI19: d9d | AJ19: =AJ14+1 -> 3
A20: 5 | B20: =VLOOKUP(E20,$AK$9:$AL$15,2,FALSE)&"."&VLOOKUP(D20,$AH$9:$AI$24,2,FALSE) -> d 1.5 deg OS.j12 | C20: =C19+1 -> 12 | D20: =VLOOKUP(AJ20,$AG$9:$AH$22,2,FALSE) -> ts_012 | E20: =E15 -> C2 | G20: Residential and commercial electricity share | I20: =SUMIFS(ar6_r10!$F$2:$F$999,ar6_r10!$A$2:$A$999,Veda!$E$5,ar6_r10!$C$2:$C$999,Veda!I$17,ar6_r10!$M$2:$M$999,Veda!$G20) -> 0.61 | J20: =SUMIFS(ar6_r10!$F$2:$F$999,ar6_r10!$A$2:$A$999,Veda!$E$5,ar6_r10!$C$2:$C$999,Veda!J$17,ar6_r10!$M$2:$M$999,Veda!$G20) -> 0.62 | K20: =SUMIFS(ar6_r10!$F$2:$F$999,ar6_r10!$A$2:$A$999,Veda!$E$5,ar6_r10!$C$2:$C$999,Veda!K$17,ar6_r10!$M$2:$M$999,Veda!$G20) -> 0.59 | L20: =SUMIFS(ar6_r10!$F$2:$F$999,ar6_r10!$A$2:$A$999,Veda!$E$5,ar6_r10!$C$2:$C$999,Veda!L$17,ar6_r10!$M$2:$M$999,Veda!$G20) -> 0.56 | M20: =SUMIFS(ar6_r10!$F$2:$F$999,ar6_r10!$A$2:$A$999,Veda!$E$5,ar6_r10!$C$2:$C$999,Veda!M$17,ar6_r10!$M$2:$M$999,Veda!$G20) -> 0.54 | N20: =SUMIFS(ar6_r10!$F$2:$F$999,ar6_r10!$A$2:$A$999,Veda!$E$5,ar6_r10!$C$2:$C$999,Veda!N$17,ar6_r10!$M$2:$M$999,Veda!$G20) -> 0.53 | O20: =SUMIFS(ar6_r10!$F$2:$F$999,ar6_r10!$A$2:$A$999,Veda!$E$5,ar6_r10!$C$2:$C$999,Veda!O$17,ar6_r10!$M$2:$M$999,Veda!$G20) -> 0.53 | S20: elc_buildings | T20: =I20*T$14 -> 6.0695 | U20: =J20*U$14 -> 6.35407 | V20: =K20*V$14 -> 6.985895 | W20: =L20*W$14 -> 7.96796 | X20: =M20*X$14 -> 8.86545 | Y20: =N20*Y$14 -> 9.545035 | Z20: =O20*Z$14 -> 10.177855 | AA20: demand | AG20: 12 | AH20: s5p5v5_d | AI20: c15d | AJ20: =AJ15+1 -> 3
A21: 5 | B21: =VLOOKUP(E21,$AK$9:$AL$15,2,FALSE)&"."&VLOOKUP(D21,$AH$9:$AI$24,2,FALSE) -> c 2 deg (67%).j12 | C21: =C20+1 -> 13 | D21: =VLOOKUP(AJ21,$AG$9:$AH$22,2,FALSE) -> ts_012 | E21: =E16 -> C3 | G21: Transportation electricity share | I21: =SUMIFS(ar6_r10!$F$2:$F$999,ar6_r10!$A$2:$A$999,Veda!$E$5,ar6_r10!$C$2:$C$999,Veda!I$17,ar6_r10!$M$2:$M$999,Veda!$G21) -> 0.03 | J21: =SUMIFS(ar6_r10!$F$2:$F$999,ar6_r10!$A$2:$A$999,Veda!$E$5,ar6_r10!$C$2:$C$999,Veda!J$17,ar6_r10!$M$2:$M$999,Veda!$G21) -> 0.06 | K21: =SUMIFS(ar6_r10!$F$2:$F$999,ar6_r10!$A$2:$A$999,Veda!$E$5,ar6_r10!$C$2:$C$999,Veda!K$17,ar6_r10!$M$2:$M$999,Veda!$G21) -> 0.1 | L21: =SUMIFS(ar6_r10!$F$2:$F$999,ar6_r10!$A$2:$A$999,Veda!$E$5,ar6_r10!$C$2:$C$999,Veda!L$17,ar6_r10!$M$2:$M$999,Veda!$G21) -> 0.14 | M21: =SUMIFS(ar6_r10!$F$2:$F$999,ar6_r10!$A$2:$A$999,Veda!$E$5,ar6_r10!$C$2:$C$999,Veda!M$17,ar6_r10!$M$2:$M$999,Veda!$G21) -> 0.17 | N21: =SUMIFS(ar6_r10!$F$2:$F$999,ar6_r10!$A$2:$A$999,Veda!$E$5,ar6_r10!$C$2:$C$999,Veda!N$17,ar6_r10!$M$2:$M$999,Veda!$G21) -> 0.19 | O21: =SUMIFS(ar6_r10!$F$2:$F$999,ar6_r10!$A$2:$A$999,Veda!$E$5,ar6_r10!$C$2:$C$999,Veda!O$17,ar6_r10!$M$2:$M$999,Veda!$G21) -> 0.2 | S21: elc_transport | T21: =I21*T$14 -> 0.2985 | U21: =T21 -> 0.2985 | V21: =U21 -> 0.2985 | W21: =V21 -> 0.2985 | X21: =W21 -> 0.2985 | Y21: =X21 -> 0.2985 | Z21: =Y21 -> 0.2985 | AA21: demand | AC21: non-road transport demand assumed to be constant | AG21: 13 | AH21: s2_w | AI21: b2w | AJ21: =AJ16+1 -> 3
A22: 5 | B22: =VLOOKUP(E22,$AK$9:$AL$15,2,FALSE)&"."&VLOOKUP(D22,$AH$9:$AI$24,2,FALSE) -> b 2 deg (50%).j12 | C22: =C21+1 -> 14 | D22: =VLOOKUP(AJ22,$AG$9:$AH$22,2,FALSE) -> ts_012 | E22: =E17 -> C4 | S22: elc_roadtransport | T22: =T14-SUM(T19:T21) -> 0.0995 | U22: =U14-SUM(U19:U21) -> 0.31641 | V22: =V14-SUM(V19:V21) -> 1.003955 | W22: =W14-SUM(W19:W21) -> 1.835775 | X22: =X14-SUM(X19:X21) -> 2.492475 | Y22: =Y14-SUM(Y19:Y21) -> 2.763115 | Z22: =Z14-SUM(Z19:Z21) -> 2.77406 | AA22: demand | AG22: 14 | AH22: s2_w_p2_d | AI22: a2w2d | AJ22: =AJ17+1 -> 3
A23: 5 | B23: =VLOOKUP(E23,$AK$9:$AL$15,2,FALSE)&"."&VLOOKUP(D23,$AH$9:$AI$24,2,FALSE) -> a 3 deg.j12 | C23: =C22+1 -> 15 | D23: =VLOOKUP(AJ23,$AG$9:$AH$22,2,FALSE) -> ts_012 | E23: =E18 -> C7 | S23: * | AJ23: =AJ18+1 -> 3
A24: 5 | B24: =VLOOKUP(E24,$AK$9:$AL$15,2,FALSE)&"."&VLOOKUP(D24,$AH$9:$AI$24,2,FALSE) -> e 1.5 deg no OS.i24 | C24: =C23+1 -> 16 | D24: =VLOOKUP(AJ24,$AG$9:$AH$22,2,FALSE) -> ts_024 | E24: =E19 -> C1 | G24: CO2 price | I24: 0 | J24: 0 | K24: =SUMIFS(ar6_r10!$F$2:$F$999,ar6_r10!$A$2:$A$999,Veda!$E$5,ar6_r10!$C$2:$C$999,Veda!K$17,ar6_r10!$M$2:$M$999,Veda!$G24) -> 241.69 | L24: =SUMIFS(ar6_r10!$F$2:$F$999,ar6_r10!$A$2:$A$999,Veda!$E$5,ar6_r10!$C$2:$C$999,Veda!L$17,ar6_r10!$M$2:$M$999,Veda!$G24) -> 339.03 | M24: =SUMIFS(ar6_r10!$F$2:$F$999,ar6_r10!$A$2:$A$999,Veda!$E$5,ar6_r10!$C$2:$C$999,Veda!M$17,ar6_r10!$M$2:$M$999,Veda!$G24) -> 410.28 | N24: =SUMIFS(ar6_r10!$F$2:$F$999,ar6_r10!$A$2:$A$999,Veda!$E$5,ar6_r10!$C$2:$C$999,Veda!N$17,ar6_r10!$M$2:$M$999,Veda!$G24) -> 494.2 | O24: =SUMIFS(ar6_r10!$F$2:$F$999,ar6_r10!$A$2:$A$999,Veda!$E$5,ar6_r10!$C$2:$C$999,Veda!O$17,ar6_r10!$M$2:$M$999,Veda!$G24) -> 635.43 | S24: co2net | U24: 0 | V24: =K24/1000 -> 0.24169 | W24: =L24/1000 -> 0.33903 | X24: =M24/1000 -> 0.41028 | Y24: =N24/1000 -> 0.4942 | Z24: =O24/1000 -> 0.63543 | AA24: com_taxnet | AJ24: =AJ19+1 -> 4
A25: 5 | B25: =VLOOKUP(E25,$AK$9:$AL$15,2,FALSE)&"."&VLOOKUP(D25,$AH$9:$AI$24,2,FALSE) -> d 1.5 deg OS.i24 | C25: =C24+1 -> 17 | D25: =VLOOKUP(AJ25,$AG$9:$AH$22,2,FALSE) -> ts_024 | E25: =E20 -> C2 | AJ25: =AJ20+1 -> 4
A26: 5 | B26: =VLOOKUP(E26,$AK$9:$AL$15,2,FALSE)&"."&VLOOKUP(D26,$AH$9:$AI$24,2,FALSE) -> c 2 deg (67%).i24 | C26: =C25+1 -> 18 | D26: =VLOOKUP(AJ26,$AG$9:$AH$22,2,FALSE) -> ts_024 | E26: =E21 -> C3 | S26: ~TFM_INS-TS | AJ26: =AJ21+1 -> 4
A27: 5 | B27: =VLOOKUP(E27,$AK$9:$AL$15,2,FALSE)&"."&VLOOKUP(D27,$AH$9:$AI$24,2,FALSE) -> b 2 deg (50%).i24 | C27: =C26+1 -> 19 | D27: =VLOOKUP(AJ27,$AG$9:$AH$22,2,FALSE) -> ts_024 | E27: =E22 -> C4 | S27: process | T27: =T17 -> 2022 | U27: =U17 -> 2025 | V27: =V17 -> 2030 | W27: =W17 -> 2035 | X27: =X17 -> 2040 | Y27: =Y17 -> 2045 | Z27: =Z17 -> 2050 | AA27: attribute | AB27: limtype | AJ27: =AJ22+1 -> 4
A28: 5 | B28: =VLOOKUP(E28,$AK$9:$AL$15,2,FALSE)&"."&VLOOKUP(D28,$AH$9:$AI$24,2,FALSE) -> a 3 deg.i24 | C28: =C27+1 -> 20 | D28: =VLOOKUP(AJ28,$AG$9:$AH$22,2,FALSE) -> ts_024 | E28: =E23 -> C7 | Q28: =SUMIFS(iea_data!G3:G9999,iea_data!$B$3:$B$9999,Veda!$S$11) -> 7.18 | S28: Trd_electricity import | T28: =Q28 -> 7.18 | U28: =T28-T28*U32 -> 6.462 | V28: =U28-U28*V32 -> 5.8158 | W28: =V28-V28*W32 -> 5.23422 | X28: =W28-W28*X32 -> 4.187376 | Y28: =X28-X28*Y32 -> 3.3499008 | Z28: =Y28-Y28*Z32 -> 2.6799206 | AA28: ACT_BND | AB28: FX | AJ28: =AJ23+1 -> 4
A29: 5 | B29: =VLOOKUP(E29,$AK$9:$AL$15,2,FALSE)&"."&VLOOKUP(D29,$AH$9:$AI$24,2,FALSE) -> e 1.5 deg no OS.h48 | C29: =C28+1 -> 21 | D29: =VLOOKUP(AJ29,$AG$9:$AH$22,2,FALSE) -> ts_048 | E29: =E24 -> C1 | Q29: =SUMIFS(iea_data!H3:H9999,iea_data!$B$3:$B$9999,Veda!$S$11) -> -6.17 | S29: Trd_electricity export | T29: =-1*Q29 -> 6.17 | AA29: ACT_BND | AB29: FX | AJ29: =AJ24+1 -> 5
A30: 5 | B30: =VLOOKUP(E30,$AK$9:$AL$15,2,FALSE)&"."&VLOOKUP(D30,$AH$9:$AI$24,2,FALSE) -> d 1.5 deg OS.h48 | C30: =C29+1 -> 22 | D30: =VLOOKUP(AJ30,$AG$9:$AH$22,2,FALSE) -> ts_048 | E30: =E25 -> C2 | AJ30: =AJ25+1 -> 5
A31: 5 | B31: =VLOOKUP(E31,$AK$9:$AL$15,2,FALSE)&"."&VLOOKUP(D31,$AH$9:$AI$24,2,FALSE) -> c 2 deg (67%).h48 | C31: =C30+1 -> 23 | D31: =VLOOKUP(AJ31,$AG$9:$AH$22,2,FALSE) -> ts_048 | E31: =E26 -> C3 | AJ31: =AJ26+1 -> 5
A32: 5 | B32: =VLOOKUP(E32,$AK$9:$AL$15,2,FALSE)&"."&VLOOKUP(D32,$AH$9:$AI$24,2,FALSE) -> b 2 deg (50%).h48 | C32: =C31+1 -> 24 | D32: =VLOOKUP(AJ32,$AG$9:$AH$22,2,FALSE) -> ts_048 | E32: =E27 -> C4 | U32: 0.1 | V32: 0.1 | W32: 0.1 | X32: 0.2 | Y32: 0.2 | Z32: 0.2 | AJ32: =AJ27+1 -> 5
A33: 5 | B33: =VLOOKUP(E33,$AK$9:$AL$15,2,FALSE)&"."&VLOOKUP(D33,$AH$9:$AI$24,2,FALSE) -> a 3 deg.h48 | C33: =C32+1 -> 25 | D33: =VLOOKUP(AJ33,$AG$9:$AH$22,2,FALSE) -> ts_048 | E33: =E28 -> C7 | AJ33: =AJ28+1 -> 5
A34: 5 | B34: =VLOOKUP(E34,$AK$9:$AL$15,2,FALSE)&"."&VLOOKUP(D34,$AH$9:$AI$24,2,FALSE) -> e 1.5 deg no OS.g64 | C34: =C33+1 -> 26 | D34: =VLOOKUP(AJ34,$AG$9:$AH$22,2,FALSE) -> ts_064 | E34: =E29 -> C1 | AJ34: =AJ29+1 -> 6
A35: 5 | B35: =VLOOKUP(E35,$AK$9:$AL$15,2,FALSE)&"."&VLOOKUP(D35,$AH$9:$AI$24,2,FALSE) -> d 1.5 deg OS.g64 | C35: =C34+1 -> 27 | D35: =VLOOKUP(AJ35,$AG$9:$AH$22,2,FALSE) -> ts_064 | E35: =E30 -> C2 | AJ35: =AJ30+1 -> 6
A36: 5 | B36: =VLOOKUP(E36,$AK$9:$AL$15,2,FALSE)&"."&VLOOKUP(D36,$AH$9:$AI$24,2,FALSE) -> c 2 deg (67%).g64 | C36: =C35+1 -> 28 | D36: =VLOOKUP(AJ36,$AG$9:$AH$22,2,FALSE) -> ts_064 | E36: =E31 -> C3 | G36: C7 | AJ36: =AJ31+1 -> 6
A37: 5 | B37: =VLOOKUP(E37,$AK$9:$AL$15,2,FALSE)&"."&VLOOKUP(D37,$AH$9:$AI$24,2,FALSE) -> b 2 deg (50%).g64 | C37: =C36+1 -> 29 | D37: =VLOOKUP(AJ37,$AG$9:$AH$22,2,FALSE) -> ts_064 | E37: =E32 -> C4 | G37: Gas Price | I37: =SUMIFS(ar6_r10!$F$2:$F$999,ar6_r10!$A$2:$A$999,Veda!$G$36,ar6_r10!$C$2:$C$999,Veda!I$17,ar6_r10!$M$2:$M$999,Veda!$G37) -> 1 | J37: =SUMIFS(ar6_r10!$F$2:$F$999,ar6_r10!$A$2:$A$999,Veda!$G$36,ar6_r10!$C$2:$C$999,Veda!J$17,ar6_r10!$M$2:$M$999,Veda!$G37) -> 1.07 | K37: =SUMIFS(ar6_r10!$F$2:$F$999,ar6_r10!$A$2:$A$999,Veda!$G$36,ar6_r10!$C$2:$C$999,Veda!K$17,ar6_r10!$M$2:$M$999,Veda!$G37) -> 1.24 | L37: =SUMIFS(ar6_r10!$F$2:$F$999,ar6_r10!$A$2:$A$999,Veda!$G$36,ar6_r10!$C$2:$C$999,Veda!L$17,ar6_r10!$M$2:$M$999,Veda!$G37) -> 1.15 | M37: =SUMIFS(ar6_r10!$F$2:$F$999,ar6_r10!$A$2:$A$999,Veda!$G$36,ar6_r10!$C$2:$C$999,Veda!M$17,ar6_r10!$M$2:$M$999,Veda!$G37) -> 1.25 | N37: =SUMIFS(ar6_r10!$F$2:$F$999,ar6_r10!$A$2:$A$999,Veda!$G$36,ar6_r10!$C$2:$C$999,Veda!N$17,ar6_r10!$M$2:$M$999,Veda!$G37) -> 1.17 | O37: =SUMIFS(ar6_r10!$F$2:$F$999,ar6_r10!$A$2:$A$999,Veda!$G$36,ar6_r10!$C$2:$C$999,Veda!O$17,ar6_r10!$M$2:$M$999,Veda!$G37) -> 1.34 | AJ37: =AJ32+1 -> 6
A38: 5 | B38: =VLOOKUP(E38,$AK$9:$AL$15,2,FALSE)&"."&VLOOKUP(D38,$AH$9:$AI$24,2,FALSE) -> a 3 deg.g64 | C38: =C37+1 -> 30 | D38: =VLOOKUP(AJ38,$AG$9:$AH$22,2,FALSE) -> ts_064 | E38: =E33 -> C7 | G38: Coal Price | I38: =SUMIFS(ar6_r10!$F$2:$F$999,ar6_r10!$A$2:$A$999,Veda!$G$36,ar6_r10!$C$2:$C$999,Veda!I$17,ar6_r10!$M$2:$M$999,Veda!$G38) -> 1 | J38: =SUMIFS(ar6_r10!$F$2:$F$999,ar6_r10!$A$2:$A$999,Veda!$G$36,ar6_r10!$C$2:$C$999,Veda!J$17,ar6_r10!$M$2:$M$999,Veda!$G38) -> 1.02 | K38: =SUMIFS(ar6_r10!$F$2:$F$999,ar6_r10!$A$2:$A$999,Veda!$G$36,ar6_r10!$C$2:$C$999,Veda!K$17,ar6_r10!$M$2:$M$999,Veda!$G38) -> 1.06 | L38: =SUMIFS(ar6_r10!$F$2:$F$999,ar6_r10!$A$2:$A$999,Veda!$G$36,ar6_r10!$C$2:$C$999,Veda!L$17,ar6_r10!$M$2:$M$999,Veda!$G38) -> 1.07 | M38: =SUMIFS(ar6_r10!$F$2:$F$999,ar6_r10!$A$2:$A$999,Veda!$G$36,ar6_r10!$C$2:$C$999,Veda!M$17,ar6_r10!$M$2:$M$999,Veda!$G38) -> 1.08 | N38: =SUMIFS(ar6_r10!$F$2:$F$999,ar6_r10!$A$2:$A$999,Veda!$G$36,ar6_r10!$C$2:$C$999,Veda!N$17,ar6_r10!$M$2:$M$999,Veda!$G38) -> 1.1 | O38: =SUMIFS(ar6_r10!$F$2:$F$999,ar6_r10!$A$2:$A$999,Veda!$G$36,ar6_r10!$C$2:$C$999,Veda!O$17,ar6_r10!$M$2:$M$999,Veda!$G38) -> 1.12 | AJ38: =AJ33+1 -> 6
A39: 5 | B39: =VLOOKUP(E39,$AK$9:$AL$15,2,FALSE)&"."&VLOOKUP(D39,$AH$9:$AI$24,2,FALSE) -> e 1.5 deg no OS.f96p50 | C39: =C38+1 -> 31 | D39: =VLOOKUP(AJ39,$AG$9:$AH$22,2,FALSE) -> ts_096P50 | E39: =E34 -> C1 | G39: Oil Price | I39: =SUMIFS(ar6_r10!$F$2:$F$999,ar6_r10!$A$2:$A$999,Veda!$G$36,ar6_r10!$C$2:$C$999,Veda!I$17,ar6_r10!$M$2:$M$999,Veda!$G39) -> 1 | J39: =SUMIFS(ar6_r10!$F$2:$F$999,ar6_r10!$A$2:$A$999,Veda!$G$36,ar6_r10!$C$2:$C$999,Veda!J$17,ar6_r10!$M$2:$M$999,Veda!$G39) -> 1.01 | K39: =SUMIFS(ar6_r10!$F$2:$F$999,ar6_r10!$A$2:$A$999,Veda!$G$36,ar6_r10!$C$2:$C$999,Veda!K$17,ar6_r10!$M$2:$M$999,Veda!$G39) -> 1.11 | L39: =SUMIFS(ar6_r10!$F$2:$F$999,ar6_r10!$A$2:$A$999,Veda!$G$36,ar6_r10!$C$2:$C$999,Veda!L$17,ar6_r10!$M$2:$M$999,Veda!$G39) -> 1.01 | M39: =SUMIFS(ar6_r10!$F$2:$F$999,ar6_r10!$A$2:$A$999,Veda!$G$36,ar6_r10!$C$2:$C$999,Veda!M$17,ar6_r10!$M$2:$M$999,Veda!$G39) -> 1.01 | N39: =SUMIFS(ar6_r10!$F$2:$F$999,ar6_r10!$A$2:$A$999,Veda!$G$36,ar6_r10!$C$2:$C$999,Veda!N$17,ar6_r10!$M$2:$M$999,Veda!$G39) -> 1.04 | O39: =SUMIFS(ar6_r10!$F$2:$F$999,ar6_r10!$A$2:$A$999,Veda!$G$36,ar6_r10!$C$2:$C$999,Veda!O$17,ar6_r10!$M$2:$M$999,Veda!$G39) -> 1.14 | AJ39: =AJ34+1 -> 7
A40: 5 | B40: =VLOOKUP(E40,$AK$9:$AL$15,2,FALSE)&"."&VLOOKUP(D40,$AH$9:$AI$24,2,FALSE) -> d 1.5 deg OS.f96p50 | C40: =C39+1 -> 32 | D40: =VLOOKUP(AJ40,$AG$9:$AH$22,2,FALSE) -> ts_096P50 | E40: =E35 -> C2 | G40: Biomass Price | I40: =SUMIFS(ar6_r10!$F$2:$F$999,ar6_r10!$A$2:$A$999,Veda!$G$36,ar6_r10!$C$2:$C$999,Veda!I$17,ar6_r10!$M$2:$M$999,Veda!$G40) -> 1 | J40: =SUMIFS(ar6_r10!$F$2:$F$999,ar6_r10!$A$2:$A$999,Veda!$G$36,ar6_r10!$C$2:$C$999,Veda!J$17,ar6_r10!$M$2:$M$999,Veda!$G40) -> 0.96 | K40: =SUMIFS(ar6_r10!$F$2:$F$999,ar6_r10!$A$2:$A$999,Veda!$G$36,ar6_r10!$C$2:$C$999,Veda!K$17,ar6_r10!$M$2:$M$999,Veda!$G40) -> 1.04 | L40: =SUMIFS(ar6_r10!$F$2:$F$999,ar6_r10!$A$2:$A$999,Veda!$G$36,ar6_r10!$C$2:$C$999,Veda!L$17,ar6_r10!$M$2:$M$999,Veda!$G40) -> 1.04 | M40: =SUMIFS(ar6_r10!$F$2:$F$999,ar6_r10!$A$2:$A$999,Veda!$G$36,ar6_r10!$C$2:$C$999,Veda!M$17,ar6_r10!$M$2:$M$999,Veda!$G40) -> 0.98 | N40: =SUMIFS(ar6_r10!$F$2:$F$999,ar6_r10!$A$2:$A$999,Veda!$G$36,ar6_r10!$C$2:$C$999,Veda!N$17,ar6_r10!$M$2:$M$999,Veda!$G40) -> 0.99 | O40: =SUMIFS(ar6_r10!$F$2:$F$999,ar6_r10!$A$2:$A$999,Veda!$G$36,ar6_r10!$C$2:$C$999,Veda!O$17,ar6_r10!$M$2:$M$999,Veda!$G40) -> 1 | AJ40: =AJ35+1 -> 7
A41: 5 | B41: =VLOOKUP(E41,$AK$9:$AL$15,2,FALSE)&"."&VLOOKUP(D41,$AH$9:$AI$24,2,FALSE) -> c 2 deg (67%).f96p50 | C41: =C40+1 -> 33 | D41: =VLOOKUP(AJ41,$AG$9:$AH$22,2,FALSE) -> ts_096P50 | E41: =E36 -> C3 | AJ41: =AJ36+1 -> 7
A42: 5 | B42: =VLOOKUP(E42,$AK$9:$AL$15,2,FALSE)&"."&VLOOKUP(D42,$AH$9:$AI$24,2,FALSE) -> b 2 deg (50%).f96p50 | C42: =C41+1 -> 34 | D42: =VLOOKUP(AJ42,$AG$9:$AH$22,2,FALSE) -> ts_096P50 | E42: =E37 -> C4 | AJ42: =AJ37+1 -> 7
A43: 5 | B43: =VLOOKUP(E43,$AK$9:$AL$15,2,FALSE)&"."&VLOOKUP(D43,$AH$9:$AI$24,2,FALSE) -> a 3 deg.f96p50 | C43: =C42+1 -> 35 | D43: =VLOOKUP(AJ43,$AG$9:$AH$22,2,FALSE) -> ts_096P50 | E43: =E38 -> C7 | G43: ~TFM_INS-TS: attribute=flo_cost | AJ43: =AJ38+1 -> 7
A44: 5 | B44: =VLOOKUP(E44,$AK$9:$AL$15,2,FALSE)&"."&VLOOKUP(D44,$AH$9:$AI$24,2,FALSE) -> e 1.5 deg no OS.f96p10 | C44: =C43+1 -> 36 | D44: =VLOOKUP(AJ44,$AG$9:$AH$22,2,FALSE) -> ts_096P10 | E44: =E39 -> C1 | G44: commodity | H44: pset_co | I44: 2022 | J44: =J17 -> 2025 | K44: =K17 -> 2030 | L44: =L17 -> 2035 | M44: =M17 -> 2040 | N44: =N17 -> 2045 | O44: =O17 -> 2050 | R44: low | S44: high | AJ44: =AJ39+1 -> 8
A45: 5 | B45: =VLOOKUP(E45,$AK$9:$AL$15,2,FALSE)&"."&VLOOKUP(D45,$AH$9:$AI$24,2,FALSE) -> d 1.5 deg OS.f96p10 | C45: =C44+1 -> 37 | D45: =VLOOKUP(AJ45,$AG$9:$AH$22,2,FALSE) -> ts_096P10 | E45: =E40 -> C2 | G45: Gas | H45: =G45 -> Gas | I45: =AVERAGE($R45:$S45)*I37 -> 33.4 | J45: =AVERAGE($R45:$S45)*J37 -> 35.738 | K45: =AVERAGE($R45:$S45)*K37 -> 41.416 | L45: =AVERAGE($R45:$S45)*L37 -> 38.41 | M45: =AVERAGE($R45:$S45)*M37 -> 41.75 | N45: =AVERAGE($R45:$S45)*N37 -> 39.078 | O45: =AVERAGE($R45:$S45)*O37 -> 44.756 | R45: =HLOOKUP($G45&"_"&R$44,fuel_prices!$B$10:$I$11,2,FALSE) -> 27.4 | S45: =HLOOKUP($G45&"_"&S$44,fuel_prices!$B$10:$I$11,2,FALSE) -> 39.4 | AJ45: =AJ40+1 -> 8
A46: 5 | B46: =VLOOKUP(E46,$AK$9:$AL$15,2,FALSE)&"."&VLOOKUP(D46,$AH$9:$AI$24,2,FALSE) -> c 2 deg (67%).f96p10 | C46: =C45+1 -> 38 | D46: =VLOOKUP(AJ46,$AG$9:$AH$22,2,FALSE) -> ts_096P10 | E46: =E41 -> C3 | G46: Coal | H46: =G46 -> Coal | I46: =AVERAGE($R46:$S46)*I38 -> 13.7 | J46: =AVERAGE($R46:$S46)*J38 -> 13.974 | K46: =AVERAGE($R46:$S46)*K38 -> 14.522 | L46: =AVERAGE($R46:$S46)*L38 -> 14.659 | M46: =AVERAGE($R46:$S46)*M38 -> 14.796 | N46: =AVERAGE($R46:$S46)*N38 -> 15.07 | O46: =AVERAGE($R46:$S46)*O38 -> 15.344 | R46: =HLOOKUP($G46&"_"&R$44,fuel_prices!$B$10:$I$11,2,FALSE) -> 12.2 | S46: =HLOOKUP($G46&"_"&S$44,fuel_prices!$B$10:$I$11,2,FALSE) -> 15.2 | AJ46: =AJ41+1 -> 8
A47: 5 | B47: =VLOOKUP(E47,$AK$9:$AL$15,2,FALSE)&"."&VLOOKUP(D47,$AH$9:$AI$24,2,FALSE) -> b 2 deg (50%).f96p10 | C47: =C46+1 -> 39 | D47: =VLOOKUP(AJ47,$AG$9:$AH$22,2,FALSE) -> ts_096P10 | E47: =E42 -> C4 | G47: Oil | H47: =G47 -> Oil | I47: =AVERAGE($R47:$S47)*I39 -> 53 | J47: =AVERAGE($R47:$S47)*J39 -> 53.53 | K47: =AVERAGE($R47:$S47)*K39 -> 58.83 | L47: =AVERAGE($R47:$S47)*L39 -> 53.53 | M47: =AVERAGE($R47:$S47)*M39 -> 53.53 | N47: =AVERAGE($R47:$S47)*N39 -> 55.12 | O47: =AVERAGE($R47:$S47)*O39 -> 60.42 | R47: =HLOOKUP($G47&"_"&R$44,fuel_prices!$B$10:$I$11,2,FALSE) -> 48 | S47: =HLOOKUP($G47&"_"&S$44,fuel_prices!$B$10:$I$11,2,FALSE) -> 58 | AJ47: =AJ42+1 -> 8
A48: 5 | B48: =VLOOKUP(E48,$AK$9:$AL$15,2,FALSE)&"."&VLOOKUP(D48,$AH$9:$AI$24,2,FALSE) -> a 3 deg.f96p10 | C48: =C47+1 -> 40 | D48: =VLOOKUP(AJ48,$AG$9:$AH$22,2,FALSE) -> ts_096P10 | E48: =E43 -> C7 | G48: Bioenergy | H48: =G48 -> Bioenergy | I48: =AVERAGE($R48:$S48)*I40 -> 24 | J48: =AVERAGE($R48:$S48)*J40 -> 23.04 | K48: =AVERAGE($R48:$S48)*K40 -> 24.96 | L48: =AVERAGE($R48:$S48)*L40 -> 24.96 | M48: =AVERAGE($R48:$S48)*M40 -> 23.52 | N48: =AVERAGE($R48:$S48)*N40 -> 23.76 | O48: =AVERAGE($R48:$S48)*O40 -> 24 | R48: =HLOOKUP($G48&"_"&R$44,fuel_prices!$B$10:$I$11,2,FALSE) -> 20 | S48: =HLOOKUP($G48&"_"&S$44,fuel_prices!$B$10:$I$11,2,FALSE) -> 28 | AJ48: =AJ43+1 -> 8
A49: 5 | B49: =VLOOKUP(E49,$AK$9:$AL$15,2,FALSE)&"."&VLOOKUP(D49,$AH$9:$AI$24,2,FALSE) -> e 1.5 deg no OS.f96p90 | C49: =C48+1 -> 41 | D49: =VLOOKUP(AJ49,$AG$9:$AH$22,2,FALSE) -> ts_096P90 | E49: =E44 -> C1 | AJ49: =AJ44+1 -> 9
A50: 5 | B50: =VLOOKUP(E50,$AK$9:$AL$15,2,FALSE)&"."&VLOOKUP(D50,$AH$9:$AI$24,2,FALSE) -> d 1.5 deg OS.f96p90 | C50: =C49+1 -> 42 | D50: =VLOOKUP(AJ50,$AG$9:$AH$22,2,FALSE) -> ts_096P90 | E50: =E45 -> C2 | AJ50: =AJ45+1 -> 9
A51: 5 | B51: =VLOOKUP(E51,$AK$9:$AL$15,2,FALSE)&"."&VLOOKUP(D51,$AH$9:$AI$24,2,FALSE) -> c 2 deg (67%).f96p90 | C51: =C50+1 -> 43 | D51: =VLOOKUP(AJ51,$AG$9:$AH$22,2,FALSE) -> ts_096P90 | E51: =E46 -> C3 | AJ51: =AJ46+1 -> 9
A52: 5 | B52: =VLOOKUP(E52,$AK$9:$AL$15,2,FALSE)&"."&VLOOKUP(D52,$AH$9:$AI$24,2,FALSE) -> b 2 deg (50%).f96p90 | C52: =C51+1 -> 44 | D52: =VLOOKUP(AJ52,$AG$9:$AH$22,2,FALSE) -> ts_096P90 | E52: =E47 -> C4 | AJ52: =AJ47+1 -> 9
A53: 5 | B53: =VLOOKUP(E53,$AK$9:$AL$15,2,FALSE)&"."&VLOOKUP(D53,$AH$9:$AI$24,2,FALSE) -> a 3 deg.f96p90 | C53: =C52+1 -> 45 | D53: =VLOOKUP(AJ53,$AG$9:$AH$22,2,FALSE) -> ts_096P90 | E53: =E48 -> C7 | AJ53: =AJ48+1 -> 9
A54: 5 | B54: =VLOOKUP(E54,$AK$9:$AL$15,2,FALSE)&"."&VLOOKUP(D54,$AH$9:$AI$24,2,FALSE) -> e 1.5 deg no OS.e3d | C54: =C53+1 -> 46 | D54: =VLOOKUP(AJ54,$AG$9:$AH$22,2,FALSE) -> s1p1v1_d | E54: =E49 -> C1 | AJ54: =AJ49+1 -> 10
A55: 5 | B55: =VLOOKUP(E55,$AK$9:$AL$15,2,FALSE)&"."&VLOOKUP(D55,$AH$9:$AI$24,2,FALSE) -> d 1.5 deg OS.e3d | C55: =C54+1 -> 47 | D55: =VLOOKUP(AJ55,$AG$9:$AH$22,2,FALSE) -> s1p1v1_d | E55: =E50 -> C2 | AJ55: =AJ50+1 -> 10
A56: 5 | B56: =VLOOKUP(E56,$AK$9:$AL$15,2,FALSE)&"."&VLOOKUP(D56,$AH$9:$AI$24,2,FALSE) -> c 2 deg (67%).e3d | C56: =C55+1 -> 48 | D56: =VLOOKUP(AJ56,$AG$9:$AH$22,2,FALSE) -> s1p1v1_d | E56: =E51 -> C3 | AJ56: =AJ51+1 -> 10
A57: 5 | B57: =VLOOKUP(E57,$AK$9:$AL$15,2,FALSE)&"."&VLOOKUP(D57,$AH$9:$AI$24,2,FALSE) -> b 2 deg (50%).e3d | C57: =C56+1 -> 49 | D57: =VLOOKUP(AJ57,$AG$9:$AH$22,2,FALSE) -> s1p1v1_d | E57: =E52 -> C4 | AJ57: =AJ52+1 -> 10
A58: 5 | B58: =VLOOKUP(E58,$AK$9:$AL$15,2,FALSE)&"."&VLOOKUP(D58,$AH$9:$AI$24,2,FALSE) -> a 3 deg.e3d | C58: =C57+1 -> 50 | D58: =VLOOKUP(AJ58,$AG$9:$AH$22,2,FALSE) -> s1p1v1_d | E58: =E53 -> C7 | AJ58: =AJ53+1 -> 10
A59: 5 | B59: =VLOOKUP(E59,$AK$9:$AL$15,2,FALSE)&"."&VLOOKUP(D59,$AH$9:$AI$24,2,FALSE) -> e 1.5 deg no OS.d9d | C59: =C58+1 -> 51 | D59: =VLOOKUP(AJ59,$AG$9:$AH$22,2,FALSE) -> s3p3v3_d | E59: =E54 -> C1 | AJ59: =AJ54+1 -> 11
A60: 5 | B60: =VLOOKUP(E60,$AK$9:$AL$15,2,FALSE)&"."&VLOOKUP(D60,$AH$9:$AI$24,2,FALSE) -> d 1.5 deg OS.d9d | C60: =C59+1 -> 52 | D60: =VLOOKUP(AJ60,$AG$9:$AH$22,2,FALSE) -> s3p3v3_d | E60: =E55 -> C2 | AJ60: =AJ55+1 -> 11
... A78: 5 | B78: =VLOOKUP(E78,$AK$9:$AL$15,2,FALSE)&"."&VLOOKUP(D78,$AH$9:$AI$24,2,FALSE) -> a 3 deg.a2w2d | C78: =C77+1 -> 70 | D78: =VLOOKUP(AJ78,$AG$9:$AH$22,2,FALSE) -> s2_w_p2_d | E78: =E73 -> C7 | AJ78: =AJ73+1 -> 14
A82: ~tfm_ins-ts
A83: process | B83: limtype | C83: 2024 | D83: 2030 | E83: 2040 | F83: attribute
A84: Trd_electricity export | B84: lo | C84: 2.576 | D84: 1.966 | E84: 2.666 | F84: cap_bnd
A85: Trd_electricity import | B85: lo | C85: 0 | D85: 0 | E85: 3.5 | F85: cap_bnd

Sheet fuel_prices
A9: Fuel Prices
A10: iso | B10: gas_low | C10: gas_high | D10: coal_low | E10: coal_high | F10: oil_low | G10: oil_high | H10: bioenergy_low | I10: bioenergy_high | J10: Notes
A11: EST | B11: 27.4 | C11: 39.4 | D11: 12.2 | E11: 15.2 | F11: 48 | G11: 58 | H11: 20 | I11: 28 | J11: Baltic market, forest resources

Sheet iea_data
A9: IEA Baseline Data
A10: iso | B10: year | C10: industry_twh | D10: buildings_agri_twh | E10: nonroad_transport_twh | F10: road_transport_twh | G10: imports_twh | H10: exports_twh | I10: total_production_twh
A11: EST | B11: 2000 | C11: 4.21 | D11: 3.09 | E11: 0.02 | F11: 0 | G11: 0.37 | H11: -1.3 | I11: 8.51
A12: EST | B12: 2001 | C12: 4.28 | D12: 3.27 | E12: 0.02 | F12: 0 | G12: 0.5 | H12: -1.12 | I12: 8.48
A13: EST | B13: 2002 | C13: 4.23 | D13: 3.35 | E13: 0.02 | F13: 0 | G13: 0.41 | H13: -1.1 | I13: 8.53
A14: EST | B14: 2003 | C14: 4.51 | D14: 3.47 | E14: 0.02 | F14: 0 | G14: 0.09 | H14: -1.99 | I14: 10.16
A15: EST | B15: 2004 | C15: 4.56 | D15: 3.68 | E15: 0.01 | F15: 0 | G15: 0.35 | H15: -2.14 | I15: 10.3
A16: EST | B16: 2005 | C16: 4.57 | D16: 3.76 | E16: 0.01 | F16: 0 | G16: 0.35 | H16: -1.95 | I16: 10.21
A17: EST | B17: 2006 | C17: 4.6 | D17: 4.06 | E17: 0.01 | F17: 0 | G17: 0.25 | H17: -1 | I17: 9.73
A18: EST | B18: 2007 | C18: 5.18 | D18: 4.32 | E18: 0.01 | F18: 0 | G18: 0.35 | H18: -2.76 | I18: 12.19
A19: EST | B19: 2008 | C19: 4.77 | D19: 4.59 | E19: 0.01 | F19: 0 | G19: 1.37 | H19: -2.31 | I19: 10.58
A20: EST | B20: 2009 | C20: 3.93 | D20: 4.62 | E20: 0.01 | F20: 0.02 | G20: 3.03 | H20: -2.94 | I20: 8.78
A21: EST | B21: 2010 | C21: 4.6 | D21: 4.72 | E21: 0.01 | F21: 0.02 | G21: 1.1 | H21: -4.35 | I21: 12.96
A22: EST | B22: 2011 | C22: 4.45 | D22: 4.49 | E22: 0.01 | F22: 0.02 | G22: 1.69 | H22: -5.25 | I22: 12.89
... A33: EST | B33: 2022 | C33: 4.78 | D33: 5.02 | E33: 0.01 | F33: 0.02 | G33: 7.18 | H33: -6.17 | I33: 8.94

Sheet ar6_r10
A9: AR6 Scenario Drivers
A10: Category | B10: Region | C10: Year | D10: count | E10: mean | F10: median | G10: std | H10: min | I10: max | J10: q25 | K10: q75 | L10: category_description | M10: attribute
A11: C1 | B11: R10EUROPE | C11: 2020 | D11: 60 | E11: 8.68 | F11: 6.87 | G11: 10.43 | H11: 0 | I11: 55.17 | J11: 0 | K11: 13.64 | L11: Limit warming to 1.5°C (>50%) with no or limited overshoot | M11: CO2 price
A12: C1 | B12: R10EUROPE | C12: 2025 | D12: 60 | E12: 190.52 | F12: 181.51 | G12: 136.23 | H12: 1.81 | I12: 626.48 | J12: 115.48 | K12: 238.58 | L12: Limit warming to 1.5°C (>50%) with no or limited overshoot | M12: CO2 price
A13: C1 | B13: R10EUROPE | C13: 2030 | D13: 60 | E13: 268.18 | F13: 241.69 | G13: 134.29 | H13: 1.27 | I13: 673.46 | J13: 182.47 | K13: 329.7 | L13: Limit warming to 1.5°C (>50%) with no or limited overshoot | M13: CO2 price
A14: C1 | B14: R10EUROPE | C14: 2035 | D14: 60 | E14: 363.27 | F14: 339.03 | G14: 173.79 | H14: 14.37 | I14: 859.53 | J14: 227.05 | K14: 483.38 | L14: Limit warming to 1.5°C (>50%) with no or limited overshoot | M14: CO2 price
A15: C1 | B15: R10EUROPE | C15: 2040 | D15: 60 | E15: 471.65 | F15: 410.28 | G15: 224.31 | H15: 162.1 | I15: 1097.01 | J15: 298.63 | K15: 622.14 | L15: Limit warming to 1.5°C (>50%) with no or limited overshoot | M15: CO2 price
A16: C1 | B16: R10EUROPE | C16: 2045 | D16: 60 | E16: 565.69 | F16: 494.2 | G16: 256.15 | H16: 193.42 | I16: 1269.88 | J16: 352.78 | K16: 748.01 | L16: Limit warming to 1.5°C (>50%) with no or limited overshoot | M16: CO2 price
A17: C1 | B17: R10EUROPE | C17: 2050 | D17: 60 | E17: 647.44 | F17: 635.43 | G17: 273.56 | H17: 209.76 | I17: 1170.26 | J17: 409.79 | K17: 887.68 | L17: Limit warming to 1.5°C (>50%) with no or limited overshoot | M17: CO2 price
A18: C2 | B18: R10EUROPE | C18: 2020 | D18: 86 | E18: 6.44 | F18: 0 | G18: 8.34 | H18: 0 | I18: 24.5 | J18: 0 | K18: 12.68 | L18: Limit warming to 1.5°C (>67%) with high overshoot | M18: CO2 price
A19: C2 | B19: R10EUROPE | C19: 2025 | D19: 75 | E19: 63.21 | F19: 44.89 | G19: 56.62 | H19: 3.21 | I19: 273 | J19: 27.09 | K19: 77.31 | L19: Limit warming to 1.5°C (>67%) with high overshoot | M19: CO2 price
A20: C2 | B20: R10EUROPE | C20: 2030 | D20: 86 | E20: 85.48 | F20: 63.36 | G20: 73.46 | H20: 0 | I20: 409.5 | J20: 50 | K20: 111.1 | L20: Limit warming to 1.5°C (>67%) with high overshoot | M20: CO2 price
A21: C2 | B21: R10EUROPE | C21: 2035 | D21: 75 | E21: 208.71 | F21: 154.82 | G21: 291.78 | H21: 60.83 | I21: 2037.12 | J21: 93.79 | K21: 206.26 | L21: Limit warming to 1.5°C (>67%) with high overshoot | M21: CO2 price
A22: C2 | B22: R10EUROPE | C22: 2040 | D22: 86 | E22: 253.33 | F22: 172.09 | G22: 359.35 | H22: 0 | I22: 2600 | J22: 119.07 | K22: 259.4 | L22: Limit warming to 1.5°C (>67%) with high overshoot | M22: CO2 price
... A221: C1 | B221: R10EUROPE | C221: 2020 | D221: 33 | E221: 1 | F221: 1 | G221: 0 | H221: 1 | I221: 1 | J221: 1 | K221: 1 | L221: Limit warming to 1.5°C (>50%) with no or limited overshoot | M221: Gas price
A222: C1 | B222: R10EUROPE | C222: 2025 | D222: 34 | E222: 65535 | F222: 2.42 | H222: 1.18 | I222: 65535 | J222: 2.01 | K222: 2.75 | L222: Limit warming to 1.5°C (>50%) with no or limited overshoot | M222: Gas price
A223: C1 | B223: R10EUROPE | C223: 2030 | D223: 34 | E223: 65535 | F223: 3.1 | H223: 1.71 | I223: 65535 | J223: 2.38 | K223: 3.46 | L223: Limit warming to 1.5°C (>50%) with no or limited overshoot | M223: Gas price
A224: C1 | B224: R10EUROPE | C224: 2035 | D224: 34 | E224: 65535 | F224: 3.54 | H224: 1.91 | I224: 65535 | J224: 2.66 | K224: 4.16 | L224: Limit warming to 1.5°C (>50%) with no or limited overshoot | M224: Gas price
A225: C1 | B225: R10EUROPE | C225: 2040 | D225: 34 | E225: 65535 | F225: 4.1 | H225: 2.27 | I225: 65535 | J225: 2.96 | K225: 4.52 | L225: Limit warming to 1.5°C (>50%) with no or limited overshoot | M225: Gas price
A226: C1 | B226: R10EUROPE | C226: 2045 | D226: 34 | E226: 65535 | F226: 3.86 | H226: 2.54 | I226: 65535 | J226: 3.3 | K226: 4.89 | L226: Limit warming to 1.5°C (>50%) with no or limited overshoot | M226: Gas price
A227: C1 | B227: R10EUROPE | C227: 2050 | D227: 34 | E227: 65535 | F227: 3.59 | H227: 2.73 | I227: 65535 | J227: 3.07 | K227: 4.06 | L227: Limit warming to 1.5°C (>50%) with no or limited overshoot | M227: Gas price
A228: C2 | B228: R10EUROPE | C228: 2020 | D228: 43 | E228: 1 | F228: 1 | G228: 0 | H228: 1 | I228: 1 | J228: 1 | K228: 1 | L228: Limit warming to 1.5°C (>67%) with high overshoot | M228: Gas price
A229: C2 | B229: R10EUROPE | C229: 2025 | D229: 44 | E229: 65535 | F229: 1.22 | H229: 0 | I229: 65535 | J229: 1.13 | K229: 1.35 | L229: Limit warming to 1.5°C (>67%) with high overshoot | M229: Gas price
A230: C2 | B230: R10EUROPE | C230: 2030 | D230: 44 | E230: 65535 | F230: 1.5 | H230: 0 | I230: 65535 | J230: 1.31 | K230: 1.83 | L230: Limit warming to 1.5°C (>67%) with high overshoot | M230: Gas price
A231: C2 | B231: R10EUROPE | C231: 2035 | D231: 44 | E231: 65535 | F231: 2.12 | H231: 0 | I231: 65535 | J231: 1.68 | K231: 2.46 | L231: Limit warming to 1.5°C (>67%) with high overshoot | M231: Gas price
A232: C2 | B232: R10EUROPE | C232: 2040 | D232: 44 | E232: 65535 | F232: 2.5 | H232: 0 | I232: 65535 | J232: 2 | K232: 2.94 | L232: Limit warming to 1.5°C (>67%) with high overshoot | M232: Gas price
A233: C2 | B233: R10EUROPE | C233: 2045 | D233: 44 | E233: 65535 | F233: 2.79 | H233: 0 | I233: 65535 | J233: 2.08 | K233: 3.44 | L233: Limit warming to 1.5°C (>67%) with high overshoot | M233: Gas price
A234: C2 | B234: R10EUROPE | C234: 2050 | D234: 44 | E234: 65535 | F234: 2.95 | H234: 0 | I234: 65535 | J234: 2.49 | K234: 3.78 | L234: Limit warming to 1.5°C (>67%) with high overshoot | M234: Gas price
A235: C3 | B235: R10EUROPE | C235: 2020 | D235: 103 | E235: 1 | F235: 1 | G235: 0 | H235: 1 | I235: 1 | J235: 1 | K235: 1 | L235: Limit warming to 2°C (>67%) with higher action post-2030 | M235: Gas price
A236: C3 | B236: R10EUROPE | C236: 2025 | D236: 112 | E236: 65535 | F236: 1.41 | H236: 0.98 | I236: 65535 | J236: 1.23 | K236: 1.96 | L236: Limit warming to 2°C (>67%) with higher action post-2030 | M236: Gas price
A237: C3 | B237: R10EUROPE | C237: 2030 | D237: 112 | E237: 65535 | F237: 2.04 | H237: 1.05 | I237: 65535 | J237: 1.52 | K237: 2.55 | L237: Limit warming to 2°C (>67%) with higher action post-2030 | M237: Gas price
A238: C3 | B238: R10EUROPE | C238: 2035 | D238: 112 | E238: 65535 | F238: 2.4 | H238: 1.05 | I238: 65535 | J238: 1.71 | K238: 3.14 | L238: Limit warming to 2°C (>67%) with higher action post-2030 | M238: Gas price
A239: C3 | B239: R10EUROPE | C239: 2040 | D239: 112 | E239: 65535 | F239: 2.6 | H239: 1.06 | I239: 65535 | J239: 1.85 | K239: 3.74 | L239: Limit warming to 2°C (>67%) with higher action post-2030 | M239: Gas price
A240: C3 | B240: R10EUROPE | C240: 2045 | D240: 112 | E240: 65535 | F240: 2.85 | H240: 1.08 | I240: 65535 | J240: 2 | K240: 4.28 | L240: Limit warming to 2°C (>67%) with higher action post-2030 | M240: Gas price
A241: C3 | B241: R10EUROPE | C241: 2050 | D241: 112 | E241: 65535 | F241: 2.97 | H241: 0 | I241: 65535 | J241: 2.15 | K241: 4.51 | L241: Limit warming to 2°C (>67%) with higher action post-2030 | M241: Gas price
A242: C4 | B242: R10EUROPE | C242: 2020 | D242: 27 | E242: 1 | F242: 1 | G242: 0 | H242: 1 | I242: 1 | J242: 1 | K242: 1 | L242: Limit warming to 2°C (>50%) with immediate action | M242: Gas price
A243: C4 | B243: R10EUROPE | C243: 2025 | D243: 27 | E243: 1.33 | F243: 1.31 | G243: 0.18 | H243: 1.06 | I243: 1.66 | J243: 1.22 | K243: 1.45 | L243: Limit warming to 2°C (>50%) with immediate action | M243: Gas price
A244: C4 | B244: R10EUROPE | C244: 2030 | D244: 27 | E244: 1.84 | F244: 2.02 | G244: 0.28 | H244: 1.24 | I244: 2.17 | J244: 1.52 | K244: 2.07 | L244: Limit warming to 2°C (>50%) with immediate action | M244: Gas price
A245: C4 | B245: R10EUROPE | C245: 2035 | D245: 27 | E245: 1.84 | F245: 1.96 | G245: 0.41 | H245: 1.19 | I245: 2.46 | J245: 1.42 | K245: 2.11 | L245: Limit warming to 2°C (>50%) with immediate action | M245: Gas price
A246: C4 | B246: R10EUROPE | C246: 2040 | D246: 27 | E246: 2.12 | F246: 2.22 | G246: 0.47 | H246: 1.41 | I246: 2.78 | J246: 1.54 | K246: 2.43 | L246: Limit warming to 2°C (>50%) with immediate action | M246: Gas price
A247: C4 | B247: R10EUROPE | C247: 2045 | D247: 27 | E247: 2.31 | F247: 2.39 | G247: 0.62 | H247: 1.34 | I247: 3.22 | J247: 1.67 | K247: 2.74 | L247: Limit warming to 2°C (>50%) with immediate action | M247: Gas price
A248: C4 | B248: R10EUROPE | C248: 2050 | D248: 27 | E248: 2.48 | F248: 2.52 | G248: 0.71 | H248: 1.52 | I248: 3.64 | J248: 1.84 | K248: 3.04 | L248: Limit warming to 2°C (>50%) with immediate action | M248: Gas price
A249: C7 | B249: R10EUROPE | C249: 2020 | D249: 42 | E249: 1 | F249: 1 | G249: 0 | H249: 1 | I249: 1 | J249: 1 | K249: 1 | L249: Likely above 3°C warming with limited mitigation | M249: Gas price
A250: C7 | B250: R10EUROPE | C250: 2025 | D250: 42 | E250: 1.09 | F250: 1.07 | G250: 0.13 | H250: 0.91 | I250: 1.5 | J250: 1.02 | K250: 1.15 | L250: Likely above 3°C warming with limited mitigation | M250: Gas price
A251: C7 | B251: R10EUROPE | C251: 2030 | D251: 42 | E251: 1.37 | F251: 1.24 | G251: 0.32 | H251: 1.01 | I251: 2.14 | J251: 1.15 | K251: 1.53 | L251: Likely above 3°C warming with limited mitigation | M251: Gas price
A252: C7 | B252: R10EUROPE | C252: 2035 | D252: 42 | E252: 1.19 | F252: 1.15 | G252: 0.17 | H252: 1.01 | I252: 1.69 | J252: 1.07 | K252: 1.22 | L252: Likely above 3°C warming with limited mitigation | M252: Gas price
A253: C7 | B253: R10EUROPE | C253: 2040 | D253: 42 | E253: 1.27 | F253: 1.25 | G253: 0.16 | H253: 1.04 | I253: 1.78 | J253: 1.16 | K253: 1.31 | L253: Likely above 3°C warming with limited mitigation | M253: Gas price
... A256: C1 | B256: R10EUROPE | C256: 2020 | D256: 49 | E256: 1 | F256: 1 | G256: 0 | H256: 1 | I256: 1 | J256: 1 | K256: 1 | L256: Limit warming to 1.5°C (>50%) with no or limited overshoot | M256: Oil price
A257: C1 | B257: R10EUROPE | C257: 2025 | D257: 50 | E257: 65535 | F257: 1.1 | H257: -4.33 | I257: 65535 | J257: 0.81 | K257: 1.5 | L257: Limit warming to 1.5°C (>50%) with no or limited overshoot | M257: Oil price
A258: C1 | B258: R10EUROPE | C258: 2030 | D258: 50 | E258: 65535 | F258: 1.77 | H258: -6.1 | I258: 65535 | J258: 1.27 | K258: 2.54 | L258: Limit warming to 1.5°C (>50%) with no or limited overshoot | M258: Oil price
A259: C1 | B259: R10EUROPE | C259: 2035 | D259: 50 | E259: 65535 | F259: 1.87 | H259: -6.86 | I259: 65535 | J259: 1.15 | K259: 2.77 | L259: Limit warming to 1.5°C (>50%) with no or limited overshoot | M259: Oil price
A260: C1 | B260: R10EUROPE | C260: 2040 | D260: 50 | E260: 65535 | F260: 1.96 | H260: -9.21 | I260: 65535 | J260: 1.31 | K260: 3.39 | L260: Limit warming to 1.5°C (>50%) with no or limited overshoot | M260: Oil price
A261: C1 | B261: R10EUROPE | C261: 2045 | D261: 50 | E261: 65535 | F261: 2.13 | H261: -6.95 | I261: 65535 | J261: 1.6 | K261: 3.41 | L261: Limit warming to 1.5°C (>50%) with no or limited overshoot | M261: Oil price
A262: C1 | B262: R10EUROPE | C262: 2050 | D262: 50 | E262: 65535 | F262: 2 | H262: -10.07 | I262: 65535 | J262: 1.55 | K262: 4.63 | L262: Limit warming to 1.5°C (>50%) with no or limited overshoot | M262: Oil price
A263: C2 | B263: R10EUROPE | C263: 2020 | D263: 62 | E263: 1 | F263: 1 | G263: 0 | H263: 1 | I263: 1 | J263: 1 | K263: 1 | L263: Limit warming to 1.5°C (>67%) with high overshoot | M263: Oil price
A264: C2 | B264: R10EUROPE | C264: 2025 | D264: 52 | E264: 65535 | F264: 0.61 | H264: 0 | I264: 65535 | J264: 0.53 | K264: 0.89 | L264: Limit warming to 1.5°C (>67%) with high overshoot | M264: Oil price
A265: C2 | B265: R10EUROPE | C265: 2030 | D265: 63 | E265: 65535 | F265: 1.07 | H265: 0 | I265: 65535 | J265: 0.6 | K265: 1.55 | L265: Limit warming to 1.5°C (>67%) with high overshoot | M265: Oil price
A266: C2 | B266: R10EUROPE | C266: 2035 | D266: 52 | E266: 65535 | F266: 1.09 | H266: 0 | I266: 65535 | J266: 0.6 | K266: 1.76 | L266: Limit warming to 1.5°C (>67%) with high overshoot | M266: Oil price
A267: C2 | B267: R10EUROPE | C267: 2040 | D267: 63 | E267: 65535 | F267: 1.25 | H267: 0 | I267: 65535 | J267: 0.87 | K267: 1.91 | L267: Limit warming to 1.5°C (>67%) with high overshoot | M267: Oil price
A268: C2 | B268: R10EUROPE | C268: 2045 | D268: 52 | E268: 65535 | F268: 1.35 | H268: 0 | I268: 65535 | J268: 0.78 | K268: 1.89 | L268: Limit warming to 1.5°C (>67%) with high overshoot | M268: Oil price
A269: C2 | B269: R10EUROPE | C269: 2050 | D269: 63 | E269: 65535 | F269: 1.62 | H269: -2.31 | I269: 65535 | J269: 0.61 | K269: 2.16 | L269: Limit warming to 1.5°C (>67%) with high overshoot | M269: Oil price
A270: C3 | B270: R10EUROPE | C270: 2020 | D270: 157 | E270: 1 | F270: 1 | G270: 0 | H270: 1 | I270: 1 | J270: 1 | K270: 1 | L270: Limit warming to 2°C (>67%) with higher action post-2030 | M270: Oil price
A271: C3 | B271: R10EUROPE | C271: 2025 | D271: 163 | E271: 65535 | F271: 0.75 | H271: 0.46 | I271: 65535 | J271: 0.54 | K271: 1.24 | L271: Limit warming to 2°C (>67%) with higher action post-2030 | M271: Oil price
A272: C3 | B272: R10EUROPE | C272: 2030 | D272: 166 | E272: 65535 | F272: 1.15 | H272: 0.51 | I272: 65535 | J272: 0.74 | K272: 1.65 | L272: Limit warming to 2°C (>67%) with higher action post-2030 | M272: Oil price
A273: C3 | B273: R10EUROPE | C273: 2035 | D273: 163 | E273: 65535 | F273: 1.21 | H273: -0.95 | I273: 65535 | J273: 0.88 | K273: 2.11 | L273: Limit warming to 2°C (>67%) with higher action post-2030 | M273: Oil price
A274: C3 | B274: R10EUROPE | C274: 2040 | D274: 166 | E274: 65535 | F274: 1.28 | H274: -1.8 | I274: 65535 | J274: 0.89 | K274: 2.43 | L274: Limit warming to 2°C (>67%) with higher action post-2030 | M274: Oil price
A275: C3 | B275: R10EUROPE | C275: 2045 | D275: 163 | E275: 65535 | F275: 1.48 | H275: -5.93 | I275: 65535 | J275: 1.08 | K275: 2.75 | L275: Limit warming to 2°C (>67%) with higher action post-2030 | M275: Oil price
A276: C3 | B276: R10EUROPE | C276: 2050 | D276: 166 | E276: 65535 | F276: 1.59 | H276: -5.35 | I276: 65535 | J276: 0.97 | K276: 2.91 | L276: Limit warming to 2°C (>67%) with higher action post-2030 | M276: Oil price
A277: C4 | B277: R10EUROPE | C277: 2020 | D277: 52 | E277: 1 | F277: 1 | G277: 0 | H277: 1 | I277: 1 | J277: 1 | K277: 1 | L277: Limit warming to 2°C (>50%) with immediate action | M277: Oil price
A278: C4 | B278: R10EUROPE | C278: 2025 | D278: 52 | E278: 0.89 | F278: 0.6 | G278: 0.38 | H278: 0.45 | I278: 1.39 | J278: 0.53 | K278: 1.25 | L278: Limit warming to 2°C (>50%) with immediate action | M278: Oil price
A279: C4 | B279: R10EUROPE | C279: 2030 | D279: 52 | E279: 1.06 | F279: 0.63 | G279: 0.52 | H279: 0.5 | I279: 1.81 | J279: 0.59 | K279: 1.65 | L279: Limit warming to 2°C (>50%) with immediate action | M279: Oil price
A280: C4 | B280: R10EUROPE | C280: 2035 | D280: 52 | E280: 1.09 | F280: 0.69 | G280: 0.56 | H280: 0.53 | I280: 2.74 | J280: 0.62 | K280: 1.55 | L280: Limit warming to 2°C (>50%) with immediate action | M280: Oil price
A281: C4 | B281: R10EUROPE | C281: 2040 | D281: 52 | E281: 1.2 | F281: 0.79 | G281: 0.67 | H281: 0.59 | I281: 3.56 | J281: 0.63 | K281: 1.75 | L281: Limit warming to 2°C (>50%) with immediate action | M281: Oil price
A282: C4 | B282: R10EUROPE | C282: 2045 | D282: 52 | E282: 1.32 | F282: 0.84 | G282: 0.77 | H282: 0.6 | I282: 4.16 | J282: 0.7 | K282: 1.9 | L282: Limit warming to 2°C (>50%) with immediate action | M282: Oil price
A283: C4 | B283: R10EUROPE | C283: 2050 | D283: 52 | E283: 1.4 | F283: 0.94 | G283: 0.85 | H283: 0.61 | I283: 4.67 | J283: 0.71 | K283: 2.06 | L283: Limit warming to 2°C (>50%) with immediate action | M283: Oil price
A284: C7 | B284: R10EUROPE | C284: 2020 | D284: 43 | E284: 1 | F284: 1 | G284: 0 | H284: 1 | I284: 1 | J284: 1 | K284: 1 | L284: Likely above 3°C warming with limited mitigation | M284: Oil price
A285: C7 | B285: R10EUROPE | C285: 2025 | D285: 43 | E285: 0.93 | F285: 1.01 | G285: 0.45 | H285: 0.38 | I285: 2.73 | J285: 0.62 | K285: 1.09 | L285: Likely above 3°C warming with limited mitigation | M285: Oil price
A286: C7 | B286: R10EUROPE | C286: 2030 | D286: 43 | E286: 1.15 | F286: 1.11 | G286: 0.46 | H286: 0.58 | I286: 3.14 | J286: 0.99 | K286: 1.17 | L286: Likely above 3°C warming with limited mitigation | M286: Oil price
A287: C7 | B287: R10EUROPE | C287: 2035 | D287: 43 | E287: 1.07 | F287: 1.01 | G287: 0.42 | H287: 0.63 | I287: 2.83 | J287: 0.78 | K287: 1.2 | L287: Likely above 3°C warming with limited mitigation | M287: Oil price
A288: C7 | B288: R10EUROPE | C288: 2040 | D288: 43 | E288: 1.09 | F288: 1.01 | G288: 0.46 | H288: 0.67 | I288: 3.23 | J288: 0.82 | K288: 1.23 | L288: Likely above 3°C warming with limited mitigation | M288: Oil price
... A360: C7 | B360: R10EUROPE | C360: 2050 | D360: 10 | E360: 1 | F360: 1 | G360: 0.07 | H360: 0.85 | I360: 1.09 | J360: 0.97 | K360: 1.06 | L360: Likely above 3°C warming with limited mitigation | M360: Biomass price

Sheet ev_charging_uc
A10: =IFERROR(Veda!D5,"ts_12t") -> ts_annual | C10: day_night | D10: s1p1v1_d | F10: day_night | G10: s5p5v5_d | I10: day_night | J10: s2_w_p2_d | L10: day_night | M10: ts_012 | O10: day_night | P10: ts_048 | R10: day_night | S10: ts_096P50 | U10: day_night | V10: ts_096P10 | X10: day_night | Y10: ts_096P90 | AA10: day_night | AB10: ts_annual | AD10: day_night | AE10: ts_12t
C11: D | D11: S02aH03,S02b0216h16,S07aH03,S11c1130h17,S02b0216h07,S02b0216h10,S03aH03,S09aH05,S11c1130h13,S12d1223h07,S01aH03,S02b0216h17,S05aH03,S11c1130h11,S02b0216h18,S09aH03,S11aH03,S11aH04,S12d1223h18,S01aH04,S12d1223h09,S12d1223h17,S01aH05,S06aH05,S11c1130h08,S11c1130h10,S12aH04,S12aH05,S02b0216h12,S11c1130h09,S11c1130h16,S12d1223h14,S12d1223h15,S05aH04,S06aH03,S10aH04,S12d1223h08,S04aH03,S07aH04,S08aH03,S09aH04,S12d1223h11,S12d1223h16,S02b0216h09,S04aH04,S12d1223h10,S12d1223h12,S12d1223h13,S02b0216h13,S07aH05,S11c1130h12,S02b0216h08,S02b0216h11,S02b0216h15,S11c1130h15,S11c1130h18,S02b0216h14,S04aH05,S11c1130h07,S02aH04,S02aH05,S10aH03,S10aH05,S11c1130h14,S03aH04,S08aH05,S11aH05,S12aH03,S03aH05,S05aH05,S06aH04,S08aH04 | F11: D | G11: S01b0107h07,S01c0130h07,S01c0130h13,S02d0204h18,S02e0215h08,S02f0216h10,S04aH03,S05g0526h08,S05g0526h11,S07aH04,S08aH03,S08h0819h13,S08h0819h15,S09aH04,S10j1002h09,S10j1002h12,S11k1103h08,S11k1103h11,S11l1130h15,S11l1130h18,S12n1223h12,S12o1225h07,S01b0107h18,S01c0130h17,S01c0130h18,S02d0204h11,S02d0204h12,S02e0215h09,S02f0216h12,S02f0216h14,S04aH04,S05g0526h07,S08i0820h10,S10j1002h14,S11k1103h13,S11l1130h10,S02d0204h15,S03aH05,S05aH05,S06aH04,S08aH04,S08i0820h08,S10j1002h13,S11k1103h07,S11k1103h12,S11l1130h14,S12o1225h14,S12o1225h16,S12p1228h09,S01b0107h10,S01b0107h16,S02e0215h07,S02e0215h11,S02e0215h15,S03aH04,S05g0526h09,S08aH05,S08h0819h08,S08i0820h17,S10j1002h17,S11aH05,S11k1103h10,S11l1130h09,S11l1130h17,S12aH03,S01b0107h15,S02e0215h10,S05g0526h18,S08i0820h07,S11k1103h16,S12m1222h10,S12o1225h15,S12o1225h18,S12p1228h16,S01b0107h13,S02e0215h12,S02f0216h09,S02f0216h16,S04aH05,S11l1130h08,S12m1222h12,S12o1225h08,S12o1225h17,S12p1228h18,S01b0107h17,S02d0204h07,S02f0216h15,S05aH04,S06aH03,S08h0819h12,S08i0820h11,S10aH04,S10j1002h10,S11k1103h18,S12m1222h18,S12n1223h16,S12o1225h11,S01b0107h14,S01c0130h11,S02aH03,S02d0204h08,S02f0216h18,S05g0526h16,S07aH03,S08i0820h12,S08i0820h16,S11k1103h14,S12n1223h13,S12n1223h15,S01b0107h08,S02aH04,S02aH05,S02e0215h16,S08h0819h09,S08h0819h17,S08i0820h09,S10aH03,S10aH05,S10j1002h16,S11l1130h07,S12m1222h14,S12p1228h07,S01aH03,S02e0215h13,S02f0216h07,S02f0216h17,S05aH03,S08h0819h16,S11k1103h09,S11k1103h15,S12m1222h15,S12n1223h18,S12o1225h10,S01c0130h10,S07aH05,S08h0819h10,S10j1002h08,S11l1130h13,S12n1223h09,S12n1223h10,S12n1223h11,S12n1223h14,S12o1225h12,S01c0130h12,S01c0130h14,S02d0204h13,S08h0819h07,S08i0820h15,S09aH03,S11aH03,S11aH04,S11k1103h17,S12m1222h07,S12m1222h11,S12m1222h16,S12n1223h17,S12p1228h11,S12p1228h13,S12p1228h15,S01aH04,S01b0107h11,S01c0130h16,S02f0216h13,S08h0819h14,S08i0820h14,S11l1130h12,S11l1130h16,S12m1222h13,S02d0204h14,S02f0216h08,S02f0216h11,S05g0526h12,S05g0526h17,S08h0819h11,S12m1222h09,S12n1223h07,S12n1223h08,S12o1225h09,S12o1225h13,S12p1228h10,S12p1228h12,S12p1228h14,S01aH05,S01b0107h12,S01c0130h08,S01c0130h09,S01c0130h15,S02e0215h14,S02e0215h17,S02e0215h18,S05g0526h10,S05g0526h14,S05g0526h15,S06aH05,S08i0820h18,S10j1002h11,S10j1002h15,S10j1002h18,S11l1130h11,S12aH04,S12aH05,S12m1222h08,S12m1222h17,S12p1228h17,S01b0107h09,S02d0204h09,S02d0204h10,S02d0204h16,S02d0204h17,S03aH03,S05g0526h13,S08h0819h18,S08i0820h13,S09aH05,S10j1002h07,S12p1228h08 | I11: D | J11: S01aH04,S06b0604h07,S06b0604h17,S06b0606h12,S06b0607h12,S06b0607h18,S06b0608h17,S06b0609h10,S06b0609h11,S08c0821h17,S08c0822h09,S08c0824h08,S08c0824h12,S08c0825h14,S12d1223h09,S12d1223h17,S12e1225h15,S06b0604h14,S06b0605h07,S06b0605h09,S06b0605h14,S06b0606h13,S06b0607h11,S06b0609h08,S06b0609h14,S07aH05,S08c0823h17,S08c0825h11,S08c0826h17,S06b0606h18,S06b0607h07,S06b0607h15,S06b0608h13,S06b0610h18,S08c0822h12,S08c0823h08,S08c0823h12,S08c0826h09,S12d1223h14,S12d1223h15,S12e1225h08,S12e1225h09,S12e1225h16,S04aH03,S06b0604h11,S06b0605h08,S06b0607h14,S06b0608h14,S06b0608h15,S07aH04,S08aH03,S08c0821h08,S08c0821h09,S08c0822h14,S08c0822h17,S08c0822h18,S08c0823h14,S09aH04,S12d1223h11,S12d1223h16,S01aH05,S06aH05,S06b0604h09,S06b0604h16,S06b0605h11,S06b0607h17,S06b0609h16,S06b0610h15,S08c0820h13,S08c0820h18,S08c0821h15,S08c0824h09,S08c0824h10,S08c0824h13,S08c0825h07,S08c0825h17,S08c0826h10,S12aH04,S12aH05,S03aH03,S06b0605h18,S06b0610h08,S08c0820h07,S08c0820h16,S08c0821h16,S09aH05,S12d1223h07,S12e1225h10,S04aH05,S06b0605h15,S06b0605h16,S06b0605h17,S06b0607h10,S06b0608h07,S06b0608h09,S06b0610h09,S08c0822h16,S08c0823h11,S08c0825h10,S08c0826h14,S08c0826h16,S08c0826h18,S02aH03,S06b0606h10,S06b0606h14,S06b0606h15,S06b0606h17,S06b0607h16,S06b0608h08,S06b0609h13,S07aH03,S08c0820h11,S08c0820h12,S08c0821h10,S08c0822h08,S08c0826h11,S12e1225h11,S02aH04,S02aH05,S06b0606h07,S06b0606h09,S06b0606h11,S06b0607h09,S06b0608h18,S06b0609h12,S08c0820h10,S08c0823h10,S08c0825h09,S10aH03,S10aH05,S01aH03,S05aH03,S06b0604h13,S06b0605h13,S06b0610h07,S06b0610h14,S06b0610h17,S08c0823h18,S08c0826h08,S08c0826h15,S04aH04,S06b0609h09,S06b0610h10,S06b0610h12,S08c0820h17,S08c0821h12,S08c0822h15,S08c0824h14,S12d1223h10,S12d1223h12,S12d1223h13,S12e1225h13,S06b0604h15,S06b0606h08,S06b0606h16,S06b0608h10,S06b0609h15,S06b0609h17,S08c0820h09,S08c0821h18,S08c0825h13,S08c0825h16,S08c0826h07,S09aH03,S11aH03,S11aH04,S12d1223h18,S03aH04,S06b0604h10,S06b0607h08,S06b0608h11,S06b0609h07,S08aH05,S08c0822h13,S08c0823h07,S08c0823h15,S08c0824h07,S08c0824h15,S08c0825h15,S11aH05,S12aH03,S12e1225h07,S12e1225h14,S05aH04,S06aH03,S06b0607h13,S08c0820h15,S08c0822h11,S08c0823h16,S08c0824h11,S08c0824h16,S08c0826h12,S10aH04,S12d1223h08,S12e1225h17,S12e1225h18,S06b0605h10,S06b0605h12,S06b0608h12,S06b0608h16,S08c0821h11,S08c0821h13,S08c0822h10,S08c0823h09,S08c0824h18,S08c0825h08,S08c0825h12,S08c0825h18,S03aH05,S05aH05,S06aH04,S06b0604h08,S06b0604h12,S06b0604h18,S06b0609h18,S06b0610h11,S06b0610h13,S06b0610h16,S08aH04,S08c0820h08,S08c0820h14,S08c0821h07,S08c0821h14,S08c0822h07,S08c0823h13,S08c0824h17,S08c0826h13,S12e1225h12 | L11: D | M11: S01aH01,S03aH01,S02aH01 | O11: D | P11: S02aH04,S06aH04,S01aH03,S05aH03,S04aH04,S01aH04,S04aH03,S07aH04,S03aH03,S03aH04,S05aH04,S06aH03,S02aH03,S07aH03 | R11: D | S11: S01aH04,S09aH03,S11aH03,S11aH04,S03aH05,S05aH05,S06aH04,S08aH04,S02aH03,S07aH03,S03aH03,S09aH05,S03aH04,S08aH05,S11aH05,S12aH03,S05aH04,S06aH03,S10aH04,S01aH03,S05aH03,S01aH05,S06aH05,S12aH04,S12aH05,S04aH05,S02aH04,S02aH05,S10aH03,S10aH05,S07aH05,S04aH03,S07aH04,S08aH03,S09aH04,S04aH04 | U11: D | V11: S04aH03,S07aH04,S08aH03,S09aH04,S02aH04,S02aH05,S10aH03,S10aH05,S04aH05,S07aH05,S09aH03,S11aH03,S11aH04,S04aH04,S01aH03,S05aH03,S02aH03,S07aH03,S05aH04,S06aH03,S10aH04,S03aH03,S09aH05,S01aH04,S03aH05,S05aH05,S06aH04,S08aH04,S03aH04,S08aH05,S11aH05,S12aH03,S01aH05,S06aH05,S12aH04,S12aH05 | X11: D | Y11: S02aH04,S02aH05,S10aH03,S10aH05,S02aH03,S07aH03,S04aH03,S07aH04,S08aH03,S09aH04,S04aH04,S03aH05,S05aH05,S06aH04,S08aH04,S09aH03,S11aH03,S11aH04,S01aH05,S06aH05,S12aH04,S12aH05,S03aH03,S09aH05,S03aH04,S08aH05,S11aH05,S12aH03,S07aH05,S01aH04,S05aH04,S06aH03,S10aH04,S01aH03,S05aH03,S04aH05 | AA11: D | AB11: AllSaAllH | AD11: D | AE11: SaD,FaD,FaP,SaP,RaD,RaP,WaD,WaP
C12: N | D12: S01aH01,S02b0216h03,S04aH01,S04aH06,S06aH02,S09aH08,S11aH01,S12aH06,S02aH02,S06aH06,S11aH08,S12d1223h06,S12d1223h20,S12d1223h23,S02b0216h02,S02b0216h05,S09aH01,S11aH07,S11c1130h05,S11c1130h06,S12aH02,S12d1223h19,S03aH02,S11c1130h24,S12d1223h04,S02b0216h24,S08aH01,S09aH07,S10aH01,S11c1130h02,S01aH02,S04aH08,S06aH01,S12aH08,S01aH06,S02b0216h04,S02b0216h21,S05aH07,S07aH01,S08aH06,S10aH07,S11c1130h20,S12d1223h01,S12d1223h05,S02aH01,S05aH02,S05aH06,S11c1130h21,S01aH08,S02aH08,S02b0216h20,S03aH06,S03aH07,S10aH02,S10aH06,S11aH06,S12d1223h21,S12d1223h24,S02b0216h01,S04aH02,S08aH07,S09aH02,S11c1130h19,S03aH01,S11c1130h03,S11c1130h04,S12aH07,S02b0216h19,S05aH08,S08aH02,S09aH06,S10aH08,S12d1223h02,S02aH06,S02b0216h22,S03aH08,S04aH07,S06aH08,S11aH02,S12aH01,S12d1223h03,S01aH07,S02aH07,S02b0216h06,S05aH01,S07aH02,S07aH06,S11c1130h01,S11c1130h23,S02b0216h23,S06aH07,S07aH07,S07aH08,S08aH08,S11c1130h22,S12d1223h22 | F12: N | G12: S01c0130h22,S02aH01,S02e0215h04,S02f0216h01,S05aH02,S05aH06,S08i0820h04,S10j1002h06,S11k1103h06,S11k1103h21,S11l1130h20,S11l1130h24,S12n1223h20,S12o1225h20,S12p1228h22,S01aH08,S02aH08,S02e0215h20,S02f0216h22,S03aH06,S03aH07,S08h0819h02,S08i0820h21,S10aH02,S10aH06,S11aH06,S11k1103h20,S11l1130h02,S11l1130h04,S12n1223h06,S12n1223h23,S12o1225h21,S12o1225h22,S12p1228h06,S01b0107h22,S02e0215h19,S05g0526h04,S06aH07,S07aH07,S07aH08,S08aH08,S08h0819h05,S08h0819h24,S11l1130h01,S11l1130h19,S12m1222h24,S12o1225h02,S12p1228h03,S12p1228h05,S01aH07,S02aH07,S02d0204h03,S02d0204h05,S02d0204h21,S05aH01,S07aH02,S07aH06,S08h0819h22,S12n1223h03,S12n1223h19,S01b0107h19,S01c0130h01,S04aH08,S05g0526h03,S06aH01,S08h0819h03,S08i0820h19,S08i0820h22,S10j1002h02,S10j1002h05,S10j1002h24,S11k1103h04,S12aH08,S12m1222h22,S01b0107h02,S01b0107h03,S05aH08,S05g0526h06,S05g0526h23,S08aH02,S08h0819h21,S09aH06,S10aH08,S10j1002h04,S11k1103h24,S12m1222h02,S12m1222h20,S12m1222h21,S12n1223h22,S12n1223h24,S12o1225h24,S01aH06,S01b0107h24,S02d0204h01,S02d0204h23,S02e0215h03,S02e0215h21,S02e0215h22,S02f0216h05,S05aH07,S07aH01,S08aH06,S08h0819h06,S10aH07,S11k1103h22,S11l1130h23,S12m1222h06,S01aH01,S01b0107h01,S01b0107h23,S02d0204h02,S02d0204h06,S02e0215h01,S02e0215h06,S02f0216h03,S04aH01,S04aH06,S05g0526h19,S05g0526h21,S05g0526h22,S06aH02,S08i0820h01,S08i0820h23,S09aH08,S10j1002h22,S11aH01,S11l1130h06,S12aH06,S12p1228h24,S02aH06,S02d0204h24,S02f0216h04,S02f0216h19,S02f0216h21,S03aH08,S04aH07,S06aH08,S11aH02,S12aH01,S12o1225h06,S12p1228h21,S12p1228h23,S01b0107h06,S01c0130h03,S01c0130h04,S01c0130h06,S08h0819h23,S08i0820h20,S09aH01,S10j1002h03,S10j1002h19,S11aH07,S11k1103h05,S11l1130h05,S12aH02,S12n1223h04,S01b0107h21,S01c0130h21,S02d0204h19,S02f0216h23,S04aH02,S05g0526h01,S08aH07,S08h0819h01,S08h0819h19,S09aH02,S10j1002h21,S11k1103h01,S11k1103h03,S01b0107h04,S01b0107h20,S03aH02,S05g0526h05,S08i0820h06,S11k1103h02,S12m1222h23,S12n1223h05,S12p1228h01,S01c0130h19,S02e0215h05,S02f0216h06,S05g0526h02,S05g0526h24,S08aH01,S08h0819h04,S08i0820h02,S08i0820h03,S09aH07,S10aH01,S11k1103h19,S11l1130h21,S11l1130h22,S12n1223h21,S12o1225h23,S12p1228h04,S01c0130h05,S02d0204h04,S02e0215h23,S02e0215h24,S02f0216h02,S02f0216h24,S03aH01,S08i0820h05,S10j1002h01,S10j1002h23,S11l1130h03,S12aH07,S12m1222h01,S12o1225h01,S12o1225h05,S12p1228h19,S12p1228h20,S01aH02,S01b0107h05,S01c0130h02,S01c0130h20,S01c0130h24,S02f0216h20,S05g0526h20,S08h0819h20,S10j1002h20,S11k1103h23,S12m1222h03,S12m1222h19,S12n1223h01,S12n1223h02,S01c0130h23,S02aH02,S02d0204h20,S02d0204h22,S02e0215h02,S06aH06,S08i0820h24,S11aH08,S12m1222h04,S12m1222h05,S12o1225h03,S12o1225h04,S12o1225h19,S12p1228h02 | I12: N | J12: S06b0606h23,S06b0607h01,S06b0607h19,S06b0609h02,S06b0610h23,S08aH01,S08c0820h21,S08c0820h24,S08c0822h19,S08c0822h24,S08c0824h21,S08c0824h22,S08c0824h24,S08c0825h03,S08c0825h22,S08c0825h23,S08c0826h01,S09aH07,S10aH01,S04aH02,S06b0604h04,S06b0608h02,S06b0608h20,S06b0610h05,S06b0610h21,S08aH07,S08c0821h06,S08c0821h22,S08c0822h01,S08c0823h05,S08c0826h19,S08c0826h20,S09aH02,S04aH08,S06aH01,S06b0604h21,S06b0606h22,S06b0609h04,S06b0610h02,S08c0821h19,S08c0824h01,S12aH08,S12e1225h21,S02aH01,S05aH02,S05aH06,S06b0604h05,S06b0608h21,S06b0609h03,S06b0609h20,S06b0609h23,S08c0823h03,S08c0823h22,S08c0823h24,S08c0824h20,S08c0825h01,S08c0825h05,S08c0826h05,S12e1225h01,S12e1225h05,S12e1225h19,S01aH02,S06b0604h20,S06b0604h23,S06b0606h02,S06b0606h03,S06b0607h05,S06b0607h21,S06b0609h21,S06b0610h06,S08c0820h03,S08c0823h04,S08c0824h23,S08c0826h03,S02aH02,S06aH06,S06b0604h02,S06b0608h03,S08c0820h02,S08c0821h02,S08c0821h21,S08c0823h02,S08c0825h21,S11aH08,S12d1223h06,S12d1223h20,S12d1223h23,S12e1225h20,S05aH08,S06b0607h20,S06b0610h24,S08aH02,S08c0822h23,S08c0823h21,S08c0824h06,S08c0824h19,S09aH06,S10aH08,S12d1223h02,S01aH01,S04aH01,S04aH06,S06aH02,S06b0605h22,S06b0608h01,S06b0608h05,S06b0608h06,S06b0608h22,S06b0609h05,S08c0821h20,S08c0823h01,S08c0823h20,S08c0824h05,S08c0826h02,S08c0826h04,S08c0826h21,S09aH08,S11aH01,S12aH06,S02aH06,S03aH08,S04aH07,S06aH08,S06b0604h01,S06b0604h19,S06b0605h01,S06b0605h02,S06b0605h03,S06b0605h21,S06b0606h04,S06b0606h05,S06b0606h19,S06b0607h02,S06b0608h04,S08c0820h04,S08c0820h20,S08c0821h05,S08c0821h23,S08c0822h04,S08c0822h20,S08c0822h21,S11aH02,S12aH01,S12d1223h03,S06b0607h04,S06b0607h23,S06b0608h23,S08c0824h02,S08c0824h03,S08c0824h04,S08c0825h06,S09aH01,S11aH07,S12aH02,S12d1223h19,S12e1225h23,S12e1225h24,S01aH08,S02aH08,S03aH06,S03aH07,S06b0606h01,S06b0610h01,S06b0610h03,S08c0820h23,S08c0821h03,S08c0822h05,S08c0822h22,S08c0823h23,S08c0825h20,S08c0826h06,S08c0826h23,S10aH02,S10aH06,S11aH06,S12d1223h21,S12d1223h24,S12e1225h02,S12e1225h04,S03aH02,S06b0604h22,S06b0604h24,S06b0606h06,S06b0606h20,S06b0607h22,S06b0609h19,S06b0610h19,S06b0610h20,S08c0820h06,S08c0821h01,S08c0822h06,S08c0825h24,S08c0826h22,S12d1223h04,S12e1225h06,S01aH07,S02aH07,S05aH01,S06b0605h20,S06b0606h24,S06b0609h06,S06b0610h04,S07aH02,S07aH06,S08c0820h01,S08c0820h19,S08c0821h04,S08c0821h24,S08c0822h03,S08c0823h19,S08c0825h19,S12e1225h03,S01aH06,S05aH07,S06b0605h24,S06b0607h06,S06b0607h24,S06b0610h22,S07aH01,S08aH06,S08c0820h05,S08c0822h02,S08c0823h06,S08c0825h04,S10aH07,S12d1223h01,S12d1223h05,S03aH01,S06b0604h03,S06b0604h06,S06b0605h04,S06b0605h05,S06b0605h06,S06b0607h03,S06b0608h19,S06b0608h24,S06b0609h01,S08c0820h22,S08c0825h02,S08c0826h24,S12aH07,S12e1225h22,S06aH07,S06b0605h19,S06b0605h23,S06b0606h21,S06b0609h22,S06b0609h24,S07aH07,S07aH08,S08aH08,S12d1223h22 | L12: N | M12: S03aH02,S01aH02,S03aH03,S02aH03,S02aH02,S01aH03 | O12: N | P12: S03aH01,S02aH06,S03aH05,S05aH05,S04aH05,S06aH01,S02aH05,S03aH02,S07aH05,S01aH05,S03aH06,S06aH05,S02aH01,S05aH02,S05aH06,S04aH02,S02aH02,S06aH06,S05aH01,S07aH02,S07aH06,S01aH06,S07aH01,S01aH01,S04aH01,S04aH06,S06aH02,S01aH02 | R12: N | S12: S08aH01,S09aH07,S10aH01,S03aH02,S06aH07,S07aH07,S07aH08,S08aH08,S01aH01,S04aH01,S04aH06,S06aH02,S09aH08,S11aH01,S12aH06,S02aH02,S06aH06,S11aH08,S01aH07,S02aH07,S05aH01,S07aH02,S07aH06,S01aH06,S05aH07,S07aH01,S08aH06,S10aH07,S09aH01,S11aH07,S12aH02,S01aH02,S05aH08,S08aH02,S09aH06,S10aH08,S02aH06,S03aH08,S04aH07,S06aH08,S11aH02,S12aH01,S04aH02,S08aH07,S09aH02,S03aH01,S12aH07,S04aH08,S06aH01,S12aH08,S02aH01,S05aH02,S05aH06,S01aH08,S02aH08,S03aH06,S03aH07,S10aH02,S10aH06,S11aH06 | U12: N | V12: S02aH01,S05aH02,S05aH06,S02aH06,S03aH08,S04aH07,S06aH08,S11aH02,S12aH01,S05aH08,S08aH02,S09aH06,S10aH08,S04aH02,S08aH07,S09aH02,S03aH02,S03aH01,S12aH07,S01aH08,S02aH08,S03aH06,S03aH07,S10aH02,S10aH06,S11aH06,S09aH01,S11aH07,S12aH02,S01aH01,S04aH01,S04aH06,S06aH02,S09aH08,S11aH01,S12aH06,S01aH06,S05aH07,S07aH01,S08aH06,S10aH07,S02aH02,S06aH06,S11aH08,S04aH08,S06aH01,S12aH08,S08aH01,S09aH07,S10aH01,S06aH07,S07aH07,S07aH08,S08aH08,S01aH07,S02aH07,S05aH01,S07aH02,S07aH06,S01aH02 | X12: N | Y12: S02aH06,S03aH08,S04aH07,S06aH08,S11aH02,S12aH01,S01aH01,S04aH01,S04aH06,S06aH02,S09aH08,S11aH01,S12aH06,S02aH01,S05aH02,S05aH06,S03aH01,S12aH07,S01aH08,S02aH08,S03aH06,S03aH07,S10aH02,S10aH06,S11aH06,S06aH07,S07aH07,S07aH08,S08aH08,S03aH02,S01aH02,S02aH02,S06aH06,S11aH08,S01aH07,S02aH07,S05aH01,S07aH02,S07aH06,S04aH02,S08aH07,S09aH02,S04aH08,S06aH01,S12aH08,S08aH01,S09aH07,S10aH01,S01aH06,S05aH07,S07aH01,S08aH06,S10aH07,S09aH01,S11aH07,S12aH02,S05aH08,S08aH02,S09aH06,S10aH08 | AA12: N | AB12: AllSaAllH | AD12: N | AE12: FaP,SaP,SaN,WaN,RaP,WaP,FaN,RaN
I17: 0.75 | K17: share of charging at night
C18: ~UC_Sets: R_E: AllRegions
H21: =IF(H23=H24,"Not Required!","~UC_T: LO") -> Not Required!
C22: UC_N | D22: Pset_CI | E22: Pset_CO | F22: pset_pn | G22: Cset_CN | H22: TimeSlice | I22: UC_FLO | J22: UC_RHSRT | K22: UC_RHSRT~0
C23: UC_bev night chg limit | D23: ELC | E23: =G23 -> AuxStoIN | F23: *EV* | G23: AuxStoIN | H23: =HLOOKUP($A$10,$D$10:$CU$12,3,FALSE) -> AllSaAllH | I23: =1+I24 -> 0.25 | J23: 0 | K23: 3 | M23: night
D24: ELC | E24: =G24 -> AuxStoIN | F24: *EV* | G24: AuxStoIN | H24: =HLOOKUP($A$10,$D$10:$CU$12,2,FALSE) -> AllSaAllH | I24: =-$I$17 -> -0.75 | M24: day

Sheet s1p1v1_d
C9: =IF(A11="x","DeActivated","~TimeSlices") -> DeActivated | I9: =IF(A11="x","DeActivated","~TFM_DINS-AT") -> DeActivated | N9: =IF(A11="x","DeActivated","~TFM_DINS-AT") -> DeActivated | S9: =IF(A11="x","DeActivated","~TFM_DINS-AT") -> DeActivated | X9: =IF(A11="x","DeActivated","~TFM_DINS-AT") -> DeActivated | AC9: =IF(A11="x","DeActivated","~TFM_DINS-AT") -> DeActivated | AG9: =IF(A11="x","DeActivated","~TFM_DINS-AT") -> DeActivated | AK9: =IF(A11="x","DeActivated","~TFM_INS-AT") -> DeActivated
A10: s1p1v1_d | C10: season | D10: weekly | E10: daynite | F10: wparent | G10: dparent | I10: commodity | J10: timeslice | K10: com_fr | L10: process | N10: commodity | O10: timeslice | P10: com_fr | Q10: process | S10: commodity | T10: timeslice | U10: com_fr | V10: process | X10: g_yrfr | Y10: com_fr | Z10: timeslice | AA10: commodity | AC10: commodity | AD10: timeslice | AE10: com_fr | AG10: commodity | AH10: timeslice | AI10: com_pkflx | AK10: Year | AL10: timeslice | AM10: ncap_afs | AN10: pset_ci
A11: =IFERROR(IF(Veda!D5=A10,"ok","x"),"") -> x | C11: S01 | D11: a | E11: 0216h01 | F11: S01,S02,S03,S04,S05,S06,S07,S08,S09,S10,S11,S12 | G11: b | I11: elc_spv_001 | J11: S01aH01 | K11: 0 | L11: IMPNRGZ | N11: elc_won_001 | O11: S01aH01 | P11: 0.019486302 | Q11: IMPNRGZ | S11: elc_wof_001 | T11: S01aH01 | U11: 0.021480466 | V11: IMPNRGZ | X11: 0.017694064 | Y11: 0.0027539799 | Z11: S01aH01 | AA11: elc_roadtransport | AC11: elc_buildings | AD11: S01aH01 | AE11: 0.018478957 | AG11: ELC | AH11: S01aH01 | AI11: 0.146639 | AK11: 2020 | AL11: S01 | AM11: 0 | AN11: hydro
C12: S02 | D12: b | E12: 0216h02 | F12: S02 | G12: b | I12: elc_spv_001 | J12: S01aH02 | K12: 0 | L12: IMPNRGZ | N12: elc_won_001 | O12: S01aH02 | P12: 0.0039381276 | Q12: IMPNRGZ | S12: elc_wof_001 | T12: S01aH02 | U12: 0.0042989738 | V12: IMPNRGZ | X12: 0.0035388128 | Y12: 0.0017880317 | Z12: S01aH02 | AA12: elc_roadtransport | AC12: elc_buildings | AD12: S01aH02 | AE12: 0.0041712446 | AG12: ELC | AH12: S01aH02 | AI12: 0.075518054 | AK12: 2020 | AL12: S02 | AM12: 0 | AN12: hydro
C13: S03 | D13: c | E13: 0216h03 | F13: S11 | G13: b | I13: elc_spv_001 | J13: S01aH03 | K13: 0.0082448109 | L13: IMPNRGZ | N13: elc_won_001 | O13: S01aH03 | P13: 0.038022679 | Q13: IMPNRGZ | S13: elc_wof_001 | T13: S01aH03 | U13: 0.03649151 | V13: IMPNRGZ | X13: 0.031849315 | Y13: 0.042573652 | Z13: S01aH03 | AA13: elc_roadtransport | AC13: elc_buildings | AD13: S01aH03 | AE13: 0.038466888 | AG13: ELC | AH13: S01aH03 | AI13: 0.06036555 | AK13: 2020 | AL13: S03 | AM13: 0 | AN13: hydro
C14: S04 | D14: d | E14: 0216h04 | F14: S12 | G14: b | I14: elc_spv_001 | J14: S01aH04 | K14: 0.0014127397 | L14: IMPNRGZ | N14: elc_won_001 | O14: S01aH04 | P14: 0.0043550583 | Q14: IMPNRGZ | S14: elc_wof_001 | T14: S01aH04 | U14: 0.0041733096 | V14: IMPNRGZ | X14: 0.0035388128 | Y14: 0.0053435431 | Z14: S01aH04 | AA14: elc_roadtransport | AC14: elc_buildings | AD14: S01aH04 | AE14: 0.0043174705 | AG14: ELC | AH14: S01aH04 | AI14: 0.035756594 | AK14: 2020 | AL14: S04 | AM14: 0 | AN14: hydro
C15: S05 | E15: 0216h05 | G15: b | I15: elc_spv_001 | J15: S01aH05 | K15: 0.00061816345 | L15: IMPNRGZ | N15: elc_won_001 | O15: S01aH05 | P15: 0.012544254 | Q15: IMPNRGZ | S15: elc_wof_001 | T15: S01aH05 | U15: 0.012528104 | V15: IMPNRGZ | X15: 0.010616438 | Y15: 0.019113443 | Z15: S01aH05 | AA15: elc_roadtransport | AC15: elc_buildings | AD15: S01aH05 | AE15: 0.012948167 | AG15: ELC | AH15: S01aH05 | AI15: 0.037514711 | AK15: 2020 | AL15: S05 | AM15: 0 | AN15: hydro
C16: S06 | E16: 0216h06 | G16: b | I16: elc_spv_001 | J16: S01aH06 | K16: 0 | L16: IMPNRGZ | N16: elc_won_001 | O16: S01aH06 | P16: 0.0040373608 | Q16: IMPNRGZ | S16: elc_wof_001 | T16: S01aH06 | U16: 0.0040092314 | V16: IMPNRGZ | X16: 0.0035388128 | Y16: 0.0048297409 | Z16: S01aH06 | AA16: elc_roadtransport | AC16: elc_buildings | AD16: S01aH06 | AE16: 0.0042717407 | AG16: ELC | AH16: S01aH06 | AI16: 0.034365936 | AK16: 2020 | AL16: S06 | AM16: 0 | AN16: hydro
C17: S07 | E17: 0216h07 | G17: b | I17: elc_spv_001 | J17: S01aH07 | K17: 0 | L17: IMPNRGZ | N17: elc_won_001 | O17: S01aH07 | P17: 0.0039897057 | Q17: IMPNRGZ | S17: elc_wof_001 | T17: S01aH07 | U17: 0.0038701318 | V17: IMPNRGZ | X17: 0.0035388128 | Y17: 0.0033910946 | Z17: S01aH07 | AA17: elc_roadtransport | AC17: elc_buildings | AD17: S01aH07 | AE17: 0.0041027868 | AG17: ELC | AH17: S01aH07 | AI17: 0.035280814 | AK17: 2020 | AL17: S07 | AM17: 0 | AN17: hydro
C18: S08 | E18: 0216h08 | G18: b | I18: elc_spv_001 | J18: S01aH08 | K18: 0 | L18: IMPNRGZ | N18: elc_won_001 | O18: S01aH08 | P18: 0.011854357 | Q18: IMPNRGZ | S18: elc_wof_001 | T18: S01aH08 | U18: 0.01118305 | V18: IMPNRGZ | X18: 0.010616438 | Y18: 0.0051380222 | Z18: S01aH08 | AA18: elc_roadtransport | AC18: elc_buildings | AD18: S01aH08 | AE18: 0.011227685 | AG18: ELC | AH18: S01aH08 | AI18: 0.066865784 | AK18: 2020 | AL18: S08 | AM18: 0 | AN18: hydro
C19: S09 | E19: 0216h09 | G19: b | I19: elc_spv_001 | J19: S02aH01 | K19: 0 | L19: IMPNRGZ | N19: elc_won_001 | O19: S02aH01 | P19: 0.011726244 | Q19: IMPNRGZ | S19: elc_wof_001 | T19: S02aH01 | U19: 0.0084913135 | V19: IMPNRGZ | X19: 0.015410959 | Y19: 0.0023986277 | Z19: S02aH01 | AA19: elc_roadtransport | AC19: elc_buildings | AD19: S02aH01 | AE19: 0.015997743 | AG19: ELC | AH19: S02aH01 | AI19: 0.14892898 | AK19: 2020 | AL19: S09 | AM19: 0 | AN19: hydro
C20: S10 | E20: 0216h10 | G20: b | I20: elc_spv_001 | J20: S02aH02 | K20: 0 | L20: IMPNRGZ | N20: elc_won_001 | O20: S02aH02 | P20: 0.0025260938 | Q20: IMPNRGZ | S20: elc_wof_001 | T20: S02aH02 | U20: 0.0018076768 | V20: IMPNRGZ | X20: 0.0030821918 | Y20: 0.001557318 | Z20: S02aH02 | AA20: elc_roadtransport | AC20: elc_buildings | AD20: S02aH02 | AE20: 0.0035498882 | AG20: ELC | AH20: S02aH02 | AI20: 0.085662968 | AK20: 2020 | AL20: S10 | AM20: 0 | AN20: hydro
C21: S11 | E21: 0216h11 | G21: b | I21: elc_spv_001 | J21: S02aH03 | K21: 0.019846471 | L21: IMPNRGZ | N21: elc_won_001 | O21: S02aH03 | P21: 0.023514867 | Q21: IMPNRGZ | S21: elc_wof_001 | T21: S02aH03 | U21: 0.017918971 | V21: IMPNRGZ | X21: 0.027739726 | Y21: 0.037080277 | Z21: S02aH03 | AA21: elc_roadtransport | AC21: elc_buildings | AD21: S02aH03 | AE21: 0.031560017 | AG21: ELC | AH21: S02aH03 | AI21: 0.063317415 | AK21: 2020 | AL21: S11 | AM21: 0 | AN21: hydro
C22: S12 | E22: 0216h12 | G22: b | I22: elc_spv_001 | J22: S02aH04 | K22: 0.0033820799 | L22: IMPNRGZ | N22: elc_won_001 | O22: S02aH04 | P22: 0.0025886779 | Q22: IMPNRGZ | S22: elc_wof_001 | T22: S02aH04 | U22: 0.0021792842 | V22: IMPNRGZ | X22: 0.0030821918 | Y22: 0.0046540537 | Z22: S02aH04 | AA22: elc_roadtransport | AC22: elc_buildings | AD22: S02aH04 | AE22: 0.0035450962 | AG22: ELC | AH22: S02aH04 | AI22: 0.01473147 | AK22: 2020 | AL22: S12 | AM22: 0 | AN22: hydro
E23: 0216h13 | G23: b | I23: elc_spv_001 | J23: S02aH05 | K23: 0.0035497246 | L23: IMPNRGZ | N23: elc_won_001 | O23: S02aH05 | P23: 0.0077531587 | Q23: IMPNRGZ | S23: elc_wof_001 | T23: S02aH05 | U23: 0.006988494 | V23: IMPNRGZ | X23: 0.0092465753 | Y23: 0.016647192 | Z23: S02aH05 | AA23: elc_roadtransport | AC23: elc_buildings | AD23: S02aH05 | AE23: 0.010635289 | AG23: ELC | AH23: S02aH05 | AI23: 0.033522793 | AK23: 2021 | AL23: S01 | AM23: 0 | AN23: hydro
E24: 0216h14 | G24: b | I24: elc_spv_001 | J24: S02aH06 | K24: 0 | L24: IMPNRGZ | N24: elc_won_001 | O24: S02aH06 | P24: 0.002586946 | Q24: IMPNRGZ | S24: elc_wof_001 | T24: S02aH06 | U24: 0.0023352065 | V24: IMPNRGZ | X24: 0.0030821918 | Y24: 0.0042065485 | Z24: S02aH06 | AA24: elc_roadtransport | AC24: elc_buildings | AD24: S02aH06 | AE24: 0.0035434532 | AG24: ELC | AH24: S02aH06 | AI24: 0.030749594 | AK24: 2021 | AL24: S02 | AM24: 0 | AN24: hydro
E25: 0216h15 | G25: b | I25: elc_spv_001 | J25: S02aH07 | K25: 0 | L25: IMPNRGZ | N25: elc_won_001 | O25: S02aH07 | P25: 0.0025187123 | Q25: IMPNRGZ | S25: elc_wof_001 | T25: S02aH07 | U25: 0.0021584117 | V25: IMPNRGZ | X25: 0.0030821918 | Y25: 0.002953534 | Z25: S02aH07 | AA25: elc_roadtransport | AC25: elc_buildings | AD25: S02aH07 | AE25: 0.0033582064 | AG25: ELC | AH25: S02aH07 | AI25: 0.03209638 | AK25: 2021 | AL25: S03 | AM25: 0 | AN25: hydro
E26: 0216h16 | G26: b | I26: elc_spv_001 | J26: S02aH08 | K26: 0 | L26: IMPNRGZ | N26: elc_won_001 | O26: S02aH08 | P26: 0.0067928268 | Q26: IMPNRGZ | S26: elc_wof_001 | T26: S02aH08 | U26: 0.0061625217 | V26: IMPNRGZ | X26: 0.0092465753 | Y26: 0.0044750516 | Z26: S02aH08 | AA26: elc_roadtransport | AC26: elc_buildings | AD26: S02aH08 | AE26: 0.0095450296 | AG26: ELC | AH26: S02aH08 | AI26: 0.037428395 | AK26: 2021 | AL26: S04 | AM26: 0 | AN26: hydro
E27: 0216h17 | G27: b | I27: elc_spv_001 | J27: S02b0216h01 | K27: 0 | L27: IMPNRGZ | N27: elc_won_001 | O27: S02b0216h01 | P27: 3.3850851e-06 | Q27: IMPNRGZ | S27: elc_wof_001 | T27: S02b0216h01 | U27: 0 | V27: IMPNRGZ | X27: 0.00011415525 | Y27: 2.1546545e-05 | Z27: S02b0216h01 | AA27: elc_roadtransport | AC27: elc_buildings | AD27: S02b0216h01 | AE27: 0.00011539229 | AG27: ELC | AH27: S02b0216h01 | AI27: 0 | AK27: 2021 | AL27: S05 | AM27: 0 | AN27: hydro
E28: 0216h18 | G28: b | I28: elc_spv_001 | J28: S02b0216h02 | K28: 0 | L28: IMPNRGZ | N28: elc_won_001 | O28: S02b0216h02 | P28: 2.2013003e-06 | Q28: IMPNRGZ | S28: elc_wof_001 | T28: S02b0216h02 | U28: 0 | V28: IMPNRGZ | X28: 0.00011415525 | Y28: 1.4916839e-05 | Z28: S02b0216h02 | AA28: elc_roadtransport | AC28: elc_buildings | AD28: S02b0216h02 | AE28: 0.0001145708 | AG28: ELC | AH28: S02b0216h02 | AI28: 0 | AK28: 2021 | AL28: S06 | AM28: 0 | AN28: hydro
E29: 0216h19 | G29: b | I29: elc_spv_001 | J29: S02b0216h03 | K29: 0 | L29: IMPNRGZ | N29: elc_won_001 | O29: S02b0216h03 | P29: 1.3836702e-06 | Q29: IMPNRGZ | S29: elc_wof_001 | T29: S02b0216h03 | U29: 0 | V29: IMPNRGZ | X29: 0.00011415525 | Y29: 1.6574265e-05 | Z29: S02b0216h03 | AA29: elc_roadtransport | AC29: elc_buildings | AD29: S02b0216h03 | AE29: 0.00011539229 | AG29: ELC | AH29: S02b0216h03 | AI29: 0 | AK29: 2021 | AL29: S07 | AM29: 0 | AN29: hydro
E30: 0216h20 | G30: b | I30: elc_spv_001 | J30: S02b0216h04 | K30: 0 | L30: IMPNRGZ | N30: elc_won_001 | O30: S02b0216h04 | P30: 9.1660054e-07 | Q30: IMPNRGZ | S30: elc_wof_001 | T30: S02b0216h04 | U30: 0 | V30: IMPNRGZ | X30: 0.00011415525 | Y30: 1.4585353e-05 | Z30: S02b0216h04 | AA30: elc_roadtransport | AC30: elc_buildings | AD30: S02b0216h04 | AE30: 0.00011484463 | AG30: ELC | AH30: S02b0216h04 | AI30: 0 | AK30: 2021 | AL30: S08 | AM30: 0 | AN30: hydro
E31: 0216h21 | G31: b | I31: elc_spv_001 | J31: S02b0216h05 | K31: 0 | L31: IMPNRGZ | N31: elc_won_001 | O31: S02b0216h05 | P31: 8.5088526e-07 | Q31: IMPNRGZ | S31: elc_wof_001 | T31: S02b0216h05 | U31: 0 | V31: IMPNRGZ | X31: 0.00011415525 | Y31: 2.1215059e-05 | Z31: S02b0216h05 | AA31: elc_roadtransport | AC31: elc_buildings | AD31: S02b0216h05 | AE31: 0.00011155866 | AG31: ELC | AH31: S02b0216h05 | AI31: 0 | AK31: 2021 | AL31: S09 | AM31: 0 | AN31: hydro
E32: 0216h22 | G32: b | I32: elc_spv_001 | J32: S02b0216h06 | K32: 0 | L32: IMPNRGZ | N32: elc_won_001 | O32: S02b0216h06 | P32: 1.4902388e-06 | Q32: IMPNRGZ | S32: elc_wof_001 | T32: S02b0216h06 | U32: 1.027515e-06 | V32: IMPNRGZ | X32: 0.00011415525 | Y32: 5.7678443e-05 | Z32: S02b0216h06 | AA32: elc_roadtransport | AC32: elc_buildings | AD32: S02b0216h06 | AE32: 0.00011361239 | AG32: ELC | AH32: S02b0216h06 | AI32: 0 | AK32: 2021 | AL32: S10 | AM32: 0 | AN32: hydro
E33: 0216h23 | G33: b | I33: elc_spv_001 | J33: S02b0216h07 | K33: 0 | L33: IMPNRGZ | N33: elc_won_001 | O33: S02b0216h07 | P33: 3.2810061e-06 | Q33: IMPNRGZ | S33: elc_wof_001 | T33: S02b0216h07 | U33: 9.8119097e-07 | V33: IMPNRGZ | X33: 0.00011415525 | Y33: 0.0001690575 | Z33: S02b0216h07 | AA33: elc_roadtransport | AC33: elc_buildings | AD33: S02b0216h07 | AE33: 0.00011936285 | AG33: ELC | AH33: S02b0216h07 | AI33: 0 | AK33: 2021 | AL33: S11 | AM33: 0 | AN33: hydro
E34: 0216h24 | G34: b | I34: elc_spv_001 | J34: S02b0216h08 | K34: 0 | L34: IMPNRGZ | N34: elc_won_001 | O34: S02b0216h08 | P34: 6.3402404e-06 | Q34: IMPNRGZ | S34: elc_wof_001 | T34: S02b0216h08 | U34: 0 | V34: IMPNRGZ | X34: 0.00011415525 | Y34: 0.00019060405 | Z34: S02b0216h08 | AA34: elc_roadtransport | AC34: elc_buildings | AD34: S02b0216h08 | AE34: 0.00012127966 | AG34: ELC | AH34: S02b0216h08 | AI34: 0 | AK34: 2021 | AL34: S12 | AM34: 0 | AN34: hydro
... E46: 1130h12 | G46: c | I46: elc_spv_001 | J46: S02b0216h20 | K46: 0 | L46: IMPNRGZ | N46: elc_won_001 | O46: S02b0216h20 | P46: 1.4219378e-05 | Q46: IMPNRGZ | S46: elc_wof_001 | T46: S02b0216h20 | U46: 0 | V46: IMPNRGZ | X46: 0.00011415525 | Y46: 0.00015579809 | Z46: S02b0216h20 | AA46: elc_roadtransport | AC46: elc_buildings | AD46: S02b0216h20 | AE46: 0.00012908385 | AG46: ELC | AH46: S02b0216h20 | AI46: 0 | AK46: 2022 | AL46: S12 | AM46: 0 | AN46: hydro
E47: 1130h13 | G47: c | I47: elc_spv_001 | J47: S02b0216h21 | K47: 0 | L47: IMPNRGZ | N47: elc_won_001 | O47: S02b0216h21 | P47: 2.0583601e-05 | Q47: IMPNRGZ | S47: elc_wof_001 | T47: S02b0216h21 | U47: 1.557209e-07 | V47: IMPNRGZ | X47: 0.00011415525 | Y47: 0.00010939015 | Z47: S02b0216h21 | AA47: elc_roadtransport | AC47: elc_buildings | AD47: S02b0216h21 | AE47: 0.00012237499 | AG47: ELC | AH47: S02b0216h21 | AI47: 0
E48: 1130h14 | G48: c | I48: elc_spv_001 | J48: S02b0216h22 | K48: 0 | L48: IMPNRGZ | N48: elc_won_001 | O48: S02b0216h22 | P48: 2.745314e-05 | Q48: IMPNRGZ | S48: elc_wof_001 | T48: S02b0216h22 | U48: 2.677304e-07 | V48: IMPNRGZ | X48: 0.00011415525 | Y48: 7.9556473e-05 | Z48: S02b0216h22 | AA48: elc_roadtransport | AC48: elc_buildings | AD48: S02b0216h22 | AE48: 0.00012059509 | AG48: ELC | AH48: S02b0216h22 | AI48: 0
E49: 1130h15 | G49: c | I49: elc_spv_001 | J49: S02b0216h23 | K49: 0 | L49: IMPNRGZ | N49: elc_won_001 | O49: S02b0216h23 | P49: 3.3792316e-05 | Q49: IMPNRGZ | S49: elc_wof_001 | T49: S02b0216h23 | U49: 4.3278586e-07 | V49: IMPNRGZ | X49: 0.00011415525 | Y49: 5.6352501e-05 | Z49: S02b0216h23 | AA49: elc_roadtransport | AC49: elc_buildings | AD49: S02b0216h23 | AE49: 0.00011936285 | AG49: ELC | AH49: S02b0216h23 | AI49: 0
E50: 1130h16 | G50: c | I50: elc_spv_001 | J50: S02b0216h24 | K50: 0 | L50: IMPNRGZ | N50: elc_won_001 | O50: S02b0216h24 | P50: 3.6750516e-05 | Q50: IMPNRGZ | S50: elc_wof_001 | T50: S02b0216h24 | U50: 2.8153717e-06 | V50: IMPNRGZ | X50: 0.00011415525 | Y50: 2.9833677e-05 | Z50: S02b0216h24 | AA50: elc_roadtransport | AC50: elc_buildings | AD50: S02b0216h24 | AE50: 0.00011744603 | AG50: ELC | AH50: S02b0216h24 | AI50: 0
E51: 1130h17 | G51: c | I51: elc_spv_001 | J51: S03aH01 | K51: 0 | L51: IMPNRGZ | N51: elc_won_001 | O51: S03aH01 | P51: 0.015186609 | Q51: IMPNRGZ | S51: elc_wof_001 | T51: S03aH01 | U51: 0.017572696 | V51: IMPNRGZ | X51: 0.017694064 | Y51: 0.0027539799 | Z51: S03aH01 | AA51: elc_roadtransport | AC51: elc_buildings | AD51: S03aH01 | AE51: 0.01989855 | AG51: ELC | AH51: S03aH01 | AI51: 0.12607997
E52: 1130h18 | G52: c | I52: elc_spv_001 | J52: S03aH02 | K52: 0 | L52: IMPNRGZ | N52: elc_won_001 | O52: S03aH02 | P52: 0.002937654 | Q52: IMPNRGZ | S52: elc_wof_001 | T52: S03aH02 | U52: 0.003229243 | V52: IMPNRGZ | X52: 0.0035388128 | Y52: 0.0017880317 | Z52: S03aH02 | AA52: elc_roadtransport | AC52: elc_buildings | AD52: S03aH02 | AE52: 0.0044755362 | AG52: ELC | AH52: S03aH02 | AI52: 0.069468974
E53: 1130h19 | G53: c | I53: elc_spv_001 | J53: S03aH03 | K53: 0.07826713 | L53: IMPNRGZ | N53: elc_won_001 | O53: S03aH03 | P53: 0.028118785 | Q53: IMPNRGZ | S53: elc_wof_001 | T53: S03aH03 | U53: 0.026520504 | V53: IMPNRGZ | X53: 0.031849315 | Y53: 0.042573652 | Z53: S03aH03 | AA53: elc_roadtransport | AC53: elc_buildings | AD53: S03aH03 | AE53: 0.040617049 | AG53: ELC | AH53: S03aH03 | AI53: 0.083655706
E54: 1130h20 | G54: c | I54: elc_spv_001 | J54: S03aH04 | K54: 0.012311101 | L54: IMPNRGZ | N54: elc_won_001 | O54: S03aH04 | P54: 0.0035565486 | Q54: IMPNRGZ | S54: elc_wof_001 | T54: S03aH04 | U54: 0.0032810454 | V54: IMPNRGZ | X54: 0.0035388128 | Y54: 0.0053435431 | Z54: S03aH04 | AA54: elc_roadtransport | AC54: elc_buildings | AD54: S03aH04 | AE54: 0.0047067867 | AG54: ELC | AH54: S03aH04 | AI54: 0.041196721
E55: 1130h21 | G55: c | I55: elc_spv_001 | J55: S03aH05 | K55: 0.023495211 | L55: IMPNRGZ | N55: elc_won_001 | O55: S03aH05 | P55: 0.011349098 | Q55: IMPNRGZ | S55: elc_wof_001 | T55: S03aH05 | U55: 0.011256697 | V55: IMPNRGZ | X55: 0.010616438 | Y55: 0.019113443 | Z55: S03aH05 | AA55: elc_roadtransport | AC55: elc_buildings | AD55: S03aH05 | AE55: 0.014151577 | AG55: ELC | AH55: S03aH05 | AI55: 0.053425277
E56: 1130h22 | G56: c | I56: elc_spv_001 | J56: S03aH06 | K56: 0.00032923404 | L56: IMPNRGZ | N56: elc_won_001 | O56: S03aH06 | P56: 0.0039255777 | Q56: IMPNRGZ | S56: elc_wof_001 | T56: S03aH06 | U56: 0.0041535234 | V56: IMPNRGZ | X56: 0.0035388128 | Y56: 0.0048297409 | Z56: S03aH06 | AA56: elc_roadtransport | AC56: elc_buildings | AD56: S03aH06 | AE56: 0.0044701965 | AG56: ELC | AH56: S03aH06 | AI56: 0.041224721
E57: 1130h23 | G57: c | I57: elc_spv_001 | J57: S03aH07 | K57: 0 | L57: IMPNRGZ | N57: elc_won_001 | O57: S03aH07 | P57: 0.0037710678 | Q57: IMPNRGZ | S57: elc_wof_001 | T57: S03aH07 | U57: 0.0041907996 | V57: IMPNRGZ | X57: 0.0035388128 | Y57: 0.0033910946 | Z57: S03aH07 | AA57: elc_roadtransport | AC57: elc_buildings | AD57: S03aH07 | AE57: 0.0042570189 | AG57: ELC | AH57: S03aH07 | AI57: 0.03538134
E58: 1130h24 | G58: c | I58: elc_spv_001 | J58: S03aH08 | K58: 0 | L58: IMPNRGZ | N58: elc_won_001 | O58: S03aH08 | P58: 0.010087585 | Q58: IMPNRGZ | S58: elc_wof_001 | T58: S03aH08 | U58: 0.01156926 | V58: IMPNRGZ | X58: 0.010616438 | Y58: 0.0051380222 | Z58: S03aH08 | AA58: elc_roadtransport | AC58: elc_buildings | AD58: S03aH08 | AE58: 0.01179033 | AG58: ELC | AH58: S03aH08 | AI58: 0.046455424
... E90: H08 | G90: a | I90: elc_spv_001 | J90: S07aH08 | K90: 0.0018033284 | L90: IMPNRGZ | N90: elc_won_001 | O90: S07aH08 | P90: 0.0089611252 | Q90: IMPNRGZ | S90: elc_wof_001 | T90: S07aH08 | U90: 0.008504354 | V90: IMPNRGZ | X90: 0.010616438 | Y90: 0.0051380222 | Z90: S07aH08 | AA90: elc_roadtransport | AC90: elc_buildings | AD90: S07aH08 | AE90: 0.0071828389 | AG90: ELC | AH90: S07aH08 | AI90: 0.070948034
I91: elc_spv_001 | J91: S08aH01 | K91: 0 | L91: IMPNRGZ | N91: elc_won_001 | O91: S08aH01 | P91: 0.010828132 | Q91: IMPNRGZ | S91: elc_wof_001 | T91: S08aH01 | U91: 0.010202463 | V91: IMPNRGZ | X91: 0.017694064 | Y91: 0.0027539799 | Z91: S08aH01 | AA91: elc_roadtransport | AC91: elc_buildings | AD91: S08aH01 | AE91: 0.011769035 | AG91: ELC | AH91: S08aH01 | AI91: 0.19048494
I92: elc_spv_001 | J92: S08aH02 | K92: 0.00060886654 | L92: IMPNRGZ | N92: elc_won_001 | O92: S08aH02 | P92: 0.0021798138 | Q92: IMPNRGZ | S92: elc_wof_001 | T92: S08aH02 | U92: 0.0022108185 | V92: IMPNRGZ | X92: 0.0035388128 | Y92: 0.0017880317 | Z92: S08aH02 | AA92: elc_roadtransport | AC92: elc_buildings | AD92: S08aH02 | AE92: 0.0031968511 | AG92: ELC | AH92: S08aH02 | AI92: 0.083220954
I93: elc_spv_001 | J93: S08aH03 | K93: 0.079353716 | L93: IMPNRGZ | N93: elc_won_001 | O93: S08aH03 | P93: 0.01894034 | Q93: IMPNRGZ | S93: elc_wof_001 | T93: S08aH03 | U93: 0.016864455 | V93: IMPNRGZ | X93: 0.031849315 | Y93: 0.042573652 | Z93: S08aH03 | AA93: elc_roadtransport | AC93: elc_buildings | AD93: S08aH03 | AE93: 0.032223576 | AG93: ELC | AH93: S08aH03 | AI93: 0.13302799
I94: elc_spv_001 | J94: S08aH04 | K94: 0.010513667 | L94: IMPNRGZ | N94: elc_won_001 | O94: S08aH04 | P94: 0.002088838 | Q94: IMPNRGZ | S94: elc_wof_001 | T94: S08aH04 | U94: 0.0016669475 | V94: IMPNRGZ | X94: 0.0035388128 | Y94: 0.0053435431 | Z94: S08aH04 | AA94: elc_roadtransport | AC94: elc_buildings | AD94: S08aH04 | AE94: 0.0035826793 | AG94: ELC | AH94: S08aH04 | AI94: 0.12222621
I95: elc_spv_001 | J95: S08aH05 | K95: 0.02552929 | L95: IMPNRGZ | N95: elc_won_001 | O95: S08aH05 | P95: 0.0063840012 | Q95: IMPNRGZ | S95: elc_wof_001 | T95: S08aH05 | U95: 0.0050301633 | V95: IMPNRGZ | X95: 0.010616438 | Y95: 0.019113443 | Z95: S08aH05 | AA95: elc_roadtransport | AC95: elc_buildings | AD95: S08aH05 | AE95: 0.010443674 | AG95: ELC | AH95: S08aH05 | AI95: 0.14218812
I96: elc_spv_001 | J96: S08aH06 | K96: 0.0046391059 | L96: IMPNRGZ | N96: elc_won_001 | O96: S08aH06 | P96: 0.002195931 | Q96: IMPNRGZ | S96: elc_wof_001 | T96: S08aH06 | U96: 0.0018021776 | V96: IMPNRGZ | X96: 0.0035388128 | Y96: 0.0048297409 | Z96: S08aH06 | AA96: elc_roadtransport | AC96: elc_buildings | AD96: S08aH06 | AE96: 0.0033046037 | AG96: ELC | AH96: S08aH06 | AI96: 0.074598899
I97: elc_spv_001 | J97: S08aH07 | K97: 0.0018105606 | L97: IMPNRGZ | N97: elc_won_001 | O97: S08aH07 | P97: 0.0022178104 | Q97: IMPNRGZ | S97: elc_wof_001 | T97: S08aH07 | U97: 0.0019695517 | V97: IMPNRGZ | X97: 0.0035388128 | Y97: 0.0033910946 | Z97: S08aH07 | AA97: elc_roadtransport | AC97: elc_buildings | AD97: S08aH07 | AE97: 0.0030860863 | AG97: ELC | AH97: S08aH07 | AI97: 0.076812039
I98: elc_spv_001 | J98: S08aH08 | K98: 0 | L98: IMPNRGZ | N98: elc_won_001 | O98: S08aH08 | P98: 0.0064915636 | Q98: IMPNRGZ | S98: elc_wof_001 | T98: S08aH08 | U98: 0.0068272411 | V98: IMPNRGZ | X98: 0.010616438 | Y98: 0.0051380222 | Z98: S08aH08 | AA98: elc_roadtransport | AC98: elc_buildings | AD98: S08aH08 | AE98: 0.007180017 | AG98: ELC | AH98: S08aH08 | AI98: 0.086677737
I99: elc_spv_001 | J99: S09aH01 | K99: 0 | L99: IMPNRGZ | N99: elc_won_001 | O99: S09aH01 | P99: 0.013414713 | Q99: IMPNRGZ | S99: elc_wof_001 | T99: S09aH01 | U99: 0.01223113 | V99: IMPNRGZ | X99: 0.017123288 | Y99: 0.0026651418 | Z99: S09aH01 | AA99: elc_roadtransport | AC99: elc_buildings | AD99: S09aH01 | AE99: 0.012479407 | AG99: ELC | AH99: S09aH01 | AI99: 0.18108544
I100: elc_spv_001 | J100: S09aH02 | K100: 0 | L100: IMPNRGZ | N100: elc_won_001 | O100: S09aH02 | P100: 0.0027423572 | Q100: IMPNRGZ | S100: elc_wof_001 | T100: S09aH02 | U100: 0.0025414473 | V100: IMPNRGZ | X100: 0.0034246575 | Y100: 0.0017303533 | Z100: S09aH02 | AA100: elc_roadtransport | AC100: elc_buildings | AD100: S09aH02 | AE100: 0.003208527 | AG100: ELC | AH100: S09aH02 | AI100: 0.064311594
I101: elc_spv_001 | J101: S09aH03 | K101: 0.064345262 | L101: IMPNRGZ | N101: elc_won_001 | O101: S09aH03 | P101: 0.02414757 | Q101: IMPNRGZ | S101: elc_wof_001 | T101: S09aH03 | U101: 0.017622547 | V101: IMPNRGZ | X101: 0.030821918 | Y101: 0.041200308 | Z101: S09aH03 | AA101: elc_roadtransport | AC101: elc_buildings | AD101: S09aH03 | AE101: 0.030837512 | AG101: ELC | AH101: S09aH03 | AI101: 0.070835241
I102: elc_spv_001 | J102: S09aH04 | K102: 0.0089574471 | L102: IMPNRGZ | N102: elc_won_001 | O102: S09aH04 | P102: 0.0025723417 | Q102: IMPNRGZ | S102: elc_wof_001 | T102: S09aH04 | U102: 0.0018897335 | V102: IMPNRGZ | X102: 0.0034246575 | Y102: 0.0051711707 | Z102: S09aH04 | AA102: elc_roadtransport | AC102: elc_buildings | AD102: S09aH04 | AE102: 0.0033954169 | AG102: ELC | AH102: S09aH04 | AI102: 0.0630709
... I178: elc_spv_001 | J178: S12d1223h24 | K178: 0 | L178: IMPNRGZ | N178: elc_won_001 | O178: S12d1223h24 | P178: 0.00023625116 | Q178: IMPNRGZ | S178: elc_wof_001 | T178: S12d1223h24 | U178: 0.00037879414 | V178: IMPNRGZ | X178: 0.00011415525 | Y178: 2.9833677e-05 | Z178: S12d1223h24 | AA178: elc_roadtransport | AC178: elc_buildings | AD178: S12d1223h24 | AE178: 0.00010429793 | AG178: ELC | AH178: S12d1223h24 | AI178: 0
I179: elc_spv_002 | J179: S01aH01 | K179: 0 | L179: IMPNRGZ | N179: elc_won_002 | O179: S01aH01 | P179: 0.019871127 | Q179: IMPNRGZ | S179: elc_wof_002 | T179: S01aH01 | U179: 0.02082052 | V179: IMPNRGZ | AC179: elc_industry | AD179: S01aH01 | AE179: 0.01757344
I180: elc_spv_002 | J180: S01aH02 | K180: 0 | L180: IMPNRGZ | N180: elc_won_002 | O180: S01aH02 | P180: 0.0042074733 | Q180: IMPNRGZ | S180: elc_wof_002 | T180: S01aH02 | U180: 0.0040598856 | V180: IMPNRGZ | AC180: elc_industry | AD180: S01aH02 | AE180: 0.0035490305
I181: elc_spv_002 | J181: S01aH03 | K181: 0.0091387691 | L181: IMPNRGZ | N181: elc_won_002 | O181: S01aH03 | P181: 0.038299052 | Q181: IMPNRGZ | S181: elc_wof_002 | T181: S01aH03 | U181: 0.037312877 | V181: IMPNRGZ | AC181: elc_industry | AD181: S01aH03 | AE181: 0.032008138
I182: elc_spv_002 | J182: S01aH04 | K182: 0.0015057382 | L182: IMPNRGZ | N182: elc_won_002 | O182: S01aH04 | P182: 0.0042831615 | Q182: IMPNRGZ | S182: elc_wof_002 | T182: S01aH04 | U182: 0.0043195157 | V182: IMPNRGZ | AC182: elc_industry | AD182: S01aH04 | AE182: 0.0035595926
I183: elc_spv_002 | J183: S01aH05 | K183: 0.00067621095 | L183: IMPNRGZ | N183: elc_won_002 | O183: S01aH05 | P183: 0.013048805 | Q183: IMPNRGZ | S183: elc_wof_002 | T183: S01aH05 | U183: 0.012383258 | V183: IMPNRGZ | AC183: elc_industry | AD183: S01aH05 | AE183: 0.010678471
I184: elc_spv_002 | J184: S01aH06 | K184: 0 | L184: IMPNRGZ | N184: elc_won_002 | O184: S01aH06 | P184: 0.004312985 | Q184: IMPNRGZ | S184: elc_wof_002 | T184: S01aH06 | U184: 0.0040163311 | V184: IMPNRGZ | AC184: elc_industry | AD184: S01aH06 | AE184: 0.0035562895
I185: elc_spv_002 | J185: S01aH07 | K185: 0 | L185: IMPNRGZ | N185: elc_won_002 | O185: S01aH07 | P185: 0.0042309566 | Q185: IMPNRGZ | S185: elc_wof_002 | T185: S01aH07 | U185: 0.0039668818 | V185: IMPNRGZ | AC185: elc_industry | AD185: S01aH07 | AE185: 0.0035440857
I186: elc_spv_002 | J186: S01aH08 | K186: 0 | L186: IMPNRGZ | N186: elc_won_002 | O186: S01aH08 | P186: 0.011810072 | Q186: IMPNRGZ | S186: elc_wof_002 | T186: S01aH08 | U186: 0.011702314 | V186: IMPNRGZ | AC186: elc_industry | AD186: S01aH08 | AE186: 0.010554199
I187: elc_spv_002 | J187: S02aH01 | K187: 0 | L187: IMPNRGZ | N187: elc_won_002 | O187: S02aH01 | P187: 0.012319512 | Q187: IMPNRGZ | S187: elc_wof_002 | T187: S02aH01 | U187: 0.0093993121 | V187: IMPNRGZ | AC187: elc_industry | AD187: S02aH01 | AE187: 0.015349337
I188: elc_spv_002 | J188: S02aH02 | K188: 0 | L188: IMPNRGZ | N188: elc_won_002 | O188: S02aH02 | P188: 0.0027809737 | Q188: IMPNRGZ | S188: elc_wof_002 | T188: S02aH02 | U188: 0.0021032498 | V188: IMPNRGZ | AC188: elc_industry | AD188: S02aH02 | AE188: 0.0030951729
I189: elc_spv_002 | J189: S02aH03 | K189: 0.021860525 | L189: IMPNRGZ | N189: elc_won_002 | O189: S02aH03 | P189: 0.024483989 | Q189: IMPNRGZ | S189: elc_wof_002 | T189: S02aH03 | U189: 0.019815524 | V189: IMPNRGZ | AC189: elc_industry | AD189: S02aH03 | AE189: 0.027828459
I190: elc_spv_002 | J190: S02aH04 | K190: 0.0040704676 | L190: IMPNRGZ | N190: elc_won_002 | O190: S02aH04 | P190: 0.0024721263 | Q190: IMPNRGZ | S190: elc_wof_002 | T190: S02aH04 | U190: 0.0023802602 | V190: IMPNRGZ | AC190: elc_industry | AD190: S02aH04 | AE190: 0.0030948267
... I346: elc_spv_002 | J346: S12d1223h24 | K346: 0 | L346: IMPNRGZ | N346: elc_won_002 | O346: S12d1223h24 | P346: 0.00026184946 | Q346: IMPNRGZ | S346: elc_wof_002 | T346: S12d1223h24 | U346: 0.00032973434 | V346: IMPNRGZ | AC346: elc_industry | AD346: S12d1223h24 | AE346: 0.00011301337
I347: elc_spv_003 | J347: S01aH01 | K347: 0 | L347: IMPNRGZ | N347: elc_won_003 | O347: S01aH01 | P347: 0.020134161 | Q347: IMPNRGZ | S347: elc_wof_003 | T347: S01aH01 | U347: 0.020569069 | V347: IMPNRGZ
I348: elc_spv_003 | J348: S01aH02 | K348: 0 | L348: IMPNRGZ | N348: elc_won_003 | O348: S01aH02 | P348: 0.0041494001 | Q348: IMPNRGZ | S348: elc_wof_003 | T348: S01aH02 | U348: 0.0044819093 | V348: IMPNRGZ
I349: elc_spv_003 | J349: S01aH03 | K349: 0.0096951243 | L349: IMPNRGZ | N349: elc_won_003 | O349: S01aH03 | P349: 0.036792741 | Q349: IMPNRGZ | S349: elc_wof_003 | T349: S01aH03 | U349: 0.037054893 | V349: IMPNRGZ
I350: elc_spv_003 | J350: S01aH04 | K350: 0.0016206837 | L350: IMPNRGZ | N350: elc_won_003 | O350: S01aH04 | P350: 0.0041081273 | Q350: IMPNRGZ | S350: elc_wof_003 | T350: S01aH04 | U350: 0.003984741 | V350: IMPNRGZ
I351: elc_spv_003 | J351: S01aH05 | K351: 0.00080381376 | L351: IMPNRGZ | N351: elc_won_003 | O351: S01aH05 | P351: 0.012275687 | Q351: IMPNRGZ | S351: elc_wof_003 | T351: S01aH05 | U351: 0.01231252 | V351: IMPNRGZ
I352: elc_spv_003 | J352: S01aH06 | K352: 0 | L352: IMPNRGZ | N352: elc_won_003 | O352: S01aH06 | P352: 0.0040283984 | Q352: IMPNRGZ | S352: elc_wof_003 | T352: S01aH06 | U352: 0.00405312 | V352: IMPNRGZ
I353: elc_spv_003 | J353: S01aH07 | K353: 0 | L353: IMPNRGZ | N353: elc_won_003 | O353: S01aH07 | P353: 0.0039765487 | Q353: IMPNRGZ | S353: elc_wof_003 | T353: S01aH07 | U353: 0.0038909104 | V353: IMPNRGZ
I354: elc_spv_003 | J354: S01aH08 | K354: 0 | L354: IMPNRGZ | N354: elc_won_003 | O354: S01aH08 | P354: 0.011757888 | Q354: IMPNRGZ | S354: elc_wof_003 | T354: S01aH08 | U354: 0.011318183 | V354: IMPNRGZ
I355: elc_spv_003 | J355: S02aH01 | K355: 0 | L355: IMPNRGZ | N355: elc_won_003 | O355: S02aH01 | P355: 0.012788905 | Q355: IMPNRGZ | S355: elc_wof_003 | T355: S02aH01 | U355: 0.0086040445 | V355: IMPNRGZ
I356: elc_spv_003 | J356: S02aH02 | K356: 0 | L356: IMPNRGZ | N356: elc_won_003 | O356: S02aH02 | P356: 0.0027129085 | Q356: IMPNRGZ | S356: elc_wof_003 | T356: S02aH02 | U356: 0.0016122892 | V356: IMPNRGZ
I357: elc_spv_003 | J357: S02aH03 | K357: 0.024196257 | L357: IMPNRGZ | N357: elc_won_003 | O357: S02aH03 | P357: 0.024794217 | Q357: IMPNRGZ | S357: elc_wof_003 | T357: S02aH03 | U357: 0.016782999 | V357: IMPNRGZ
I358: elc_spv_003 | J358: S02aH04 | K358: 0.0044568636 | L358: IMPNRGZ | N358: elc_won_003 | O358: S02aH04 | P358: 0.002695028 | Q358: IMPNRGZ | S358: elc_wof_003 | T358: S02aH04 | U358: 0.0020071945 | V358: IMPNRGZ
... I1690: elc_spv_010 | J1690: S12d1223h24 | K1690: 0 | L1690: IMPNRGZ | N1690: elc_won_010 | O1690: S12d1223h24 | P1690: 0.00033129138 | Q1690: IMPNRGZ | S1690: elc_wof_010 | T1690: S12d1223h24 | U1690: 0.00025161721 | V1690: IMPNRGZ

Sheet s5p5v5_d
C9: =IF(A11="x","DeActivated","~TimeSlices") -> DeActivated | I9: =IF(A11="x","DeActivated","~TFM_DINS-AT") -> DeActivated | N9: =IF(A11="x","DeActivated","~TFM_DINS-AT") -> DeActivated | S9: =IF(A11="x","DeActivated","~TFM_DINS-AT") -> DeActivated | X9: =IF(A11="x","DeActivated","~TFM_DINS-AT") -> DeActivated | AC9: =IF(A11="x","DeActivated","~TFM_DINS-AT") -> DeActivated | AG9: =IF(A11="x","DeActivated","~TFM_DINS-AT") -> DeActivated | AK9: =IF(A11="x","DeActivated","~TFM_INS-AT") -> DeActivated
A10: s5p5v5_d | C10: season | D10: weekly | E10: daynite | F10: wparent | G10: dparent | I10: commodity | J10: timeslice | K10: com_fr | L10: process | N10: commodity | O10: timeslice | P10: com_fr | Q10: process | S10: commodity | T10: timeslice | U10: com_fr | V10: process | X10: g_yrfr | Y10: com_fr | Z10: timeslice | AA10: commodity | AC10: commodity | AD10: timeslice | AE10: com_fr | AG10: commodity | AH10: timeslice | AI10: com_pkflx | AK10: Year | AL10: timeslice | AM10: ncap_afs | AN10: pset_ci
A11: =IFERROR(IF(Veda!D5=A10,"ok","x"),"") -> x | C11: S01 | D11: a | E11: 0107h01 | F11: S01,S02,S03,S04,S05,S06,S07,S08,S09,S10,S11,S12 | G11: b | I11: elc_spv_001 | J11: S01aH01 | K11: 0 | L11: IMPNRGZ | N11: elc_won_001 | O11: S01aH01 | P11: 0.018305763 | Q11: IMPNRGZ | S11: elc_wof_001 | T11: S01aH01 | U11: 0.020451967 | V11: IMPNRGZ | X11: 0.016552511 | Y11: 0.0025763038 | Z11: S01aH01 | AA11: elc_roadtransport | AC11: elc_buildings | AD11: S01aH01 | AE11: 0.017291448 | AG11: ELC | AH11: S01aH01 | AI11: 0.14641141 | AK11: 2020 | AL11: S01 | AM11: 0 | AN11: hydro
C12: S02 | D12: b | E12: 0107h02 | F12: S01 | G12: b | I12: elc_spv_001 | J12: S01aH02 | K12: 0 | L12: IMPNRGZ | N12: elc_won_001 | O12: S01aH02 | P12: 0.0037024113 | Q12: IMPNRGZ | S12: elc_wof_001 | T12: S01aH02 | U12: 0.003973008 | V12: IMPNRGZ | X12: 0.0033105023 | Y12: 0.0016726748 | Z12: S01aH02 | AA12: elc_roadtransport | AC12: elc_buildings | AD12: S01aH02 | AE12: 0.0038949683 | AG12: ELC | AH12: S01aH02 | AI12: 0.07701299 | AK12: 2020 | AL12: S02 | AM12: 0 | AN12: hydro
C13: S03 | D13: c | E13: 0107h03 | F13: S01 | G13: b | I13: elc_spv_001 | J13: S01aH03 | K13: 0.0078304791 | L13: IMPNRGZ | N13: elc_won_001 | O13: S01aH03 | P13: 0.035848417 | Q13: IMPNRGZ | S13: elc_wof_001 | T13: S01aH03 | U13: 0.033140881 | V13: IMPNRGZ | X13: 0.029794521 | Y13: 0.039826965 | Z13: S01aH03 | AA13: elc_roadtransport | AC13: elc_buildings | AD13: S01aH03 | AE13: 0.035947952 | AG13: ELC | AH13: S01aH03 | AI13: 0.061199904 | AK13: 2020 | AL13: S03 | AM13: 0 | AN13: hydro
C14: S04 | D14: d | E14: 0107h04 | F14: S02 | G14: b | I14: elc_spv_001 | J14: S01aH04 | K14: 0.001340635 | L14: IMPNRGZ | N14: elc_won_001 | O14: S01aH04 | P14: 0.0040899152 | Q14: IMPNRGZ | S14: elc_wof_001 | T14: S01aH04 | U14: 0.0037827979 | V14: IMPNRGZ | X14: 0.0033105023 | Y14: 0.0049987984 | Z14: S01aH04 | AA14: elc_roadtransport | AC14: elc_buildings | AD14: S01aH04 | AE14: 0.0040368128 | AG14: ELC | AH14: S01aH04 | AI14: 0.036169498 | AK14: 2020 | AL14: S04 | AM14: 0 | AN14: hydro
C15: S05 | D15: e | E15: 0107h05 | F15: S02 | G15: b | I15: elc_spv_001 | J15: S01aH05 | K15: 0.00061591707 | L15: IMPNRGZ | N15: elc_won_001 | O15: S01aH05 | P15: 0.011682223 | Q15: IMPNRGZ | S15: elc_wof_001 | T15: S01aH05 | U15: 0.011352576 | V15: IMPNRGZ | X15: 0.0099315068 | Y15: 0.017880317 | Z15: S01aH05 | AA15: elc_roadtransport | AC15: elc_buildings | AD15: S01aH05 | AE15: 0.012106194 | AG15: ELC | AH15: S01aH05 | AI15: 0.037946313 | AK15: 2020 | AL15: S05 | AM15: 0 | AN15: hydro
C16: S06 | D16: f | E16: 0107h06 | F16: S02 | G16: b | I16: elc_spv_001 | J16: S01aH06 | K16: 0 | L16: IMPNRGZ | N16: elc_won_001 | O16: S01aH06 | P16: 0.0037216576 | Q16: IMPNRGZ | S16: elc_wof_001 | T16: S01aH06 | U16: 0.0036092205 | V16: IMPNRGZ | X16: 0.0033105023 | Y16: 0.0045181447 | Z16: S01aH06 | AA16: elc_roadtransport | AC16: elc_buildings | AD16: S01aH06 | AE16: 0.0039947797 | AG16: ELC | AH16: S01aH06 | AI16: 0.034634629 | AK16: 2020 | AL16: S06 | AM16: 0 | AN16: hydro
C17: S07 | D17: g | E17: 0107h07 | F17: S05 | G17: b | I17: elc_spv_001 | J17: S01aH07 | K17: 0 | L17: IMPNRGZ | N17: elc_won_001 | O17: S01aH07 | P17: 0.0036544935 | Q17: IMPNRGZ | S17: elc_wof_001 | T17: S01aH07 | U17: 0.0034885937 | V17: IMPNRGZ | X17: 0.0033105023 | Y17: 0.0031723143 | Z17: S01aH07 | AA17: elc_roadtransport | AC17: elc_buildings | AD17: S01aH07 | AE17: 0.0038374637 | AG17: ELC | AH17: S01aH07 | AI17: 0.035408215 | AK17: 2020 | AL17: S07 | AM17: 0 | AN17: hydro
C18: S08 | D18: h | E18: 0107h08 | F18: S08 | G18: b | I18: elc_spv_001 | J18: S01aH08 | K18: 0 | L18: IMPNRGZ | N18: elc_won_001 | O18: S01aH08 | P18: 0.010698125 | Q18: IMPNRGZ | S18: elc_wof_001 | T18: S01aH08 | U18: 0.010296237 | V18: IMPNRGZ | X18: 0.0099315068 | Y18: 0.0048065369 | Z18: S01aH08 | AA18: elc_roadtransport | AC18: elc_buildings | AD18: S01aH08 | AE18: 0.010511949 | AG18: ELC | AH18: S01aH08 | AI18: 0.066221422 | AK18: 2020 | AL18: S08 | AM18: 0 | AN18: hydro
C19: S09 | D19: i | E19: 0107h09 | F19: S08 | G19: b | I19: elc_spv_001 | J19: S01b0107h01 | K19: 0 | L19: IMPNRGZ | N19: elc_won_001 | O19: S01b0107h01 | P19: 4.4536177e-06 | Q19: IMPNRGZ | S19: elc_wof_001 | T19: S01b0107h01 | U19: 0 | V19: IMPNRGZ | X19: 0.00011415525 | Y19: 2.1546545e-05 | Z19: S01b0107h01 | AA19: elc_roadtransport | AC19: elc_buildings | AD19: S01b0107h01 | AE19: 0.00011417793 | AG19: ELC | AH19: S01b0107h01 | AI19: 0 | AK19: 2020 | AL19: S09 | AM19: 0 | AN19: hydro
C20: S10 | D20: j | E20: 0107h10 | F20: S10 | G20: b | I20: elc_spv_001 | J20: S01b0107h02 | K20: 0 | L20: IMPNRGZ | N20: elc_won_001 | O20: S01b0107h02 | P20: 6.8987501e-07 | Q20: IMPNRGZ | S20: elc_wof_001 | T20: S01b0107h02 | U20: 0 | V20: IMPNRGZ | X20: 0.00011415525 | Y20: 1.4916839e-05 | Z20: S01b0107h02 | AA20: elc_roadtransport | AC20: elc_buildings | AD20: S01b0107h02 | AE20: 0.00011417793 | AG20: ELC | AH20: S01b0107h02 | AI20: 0 | AK20: 2020 | AL20: S10 | AM20: 0 | AN20: hydro
C21: S11 | D21: k | E21: 0107h11 | F21: S11 | G21: b | I21: elc_spv_001 | J21: S01b0107h03 | K21: 0 | L21: IMPNRGZ | N21: elc_won_001 | O21: S01b0107h03 | P21: 1.408278e-07 | Q21: IMPNRGZ | S21: elc_wof_001 | T21: S01b0107h03 | U21: 0 | V21: IMPNRGZ | X21: 0.00011415525 | Y21: 1.6574265e-05 | Z21: S01b0107h03 | AA21: elc_roadtransport | AC21: elc_buildings | AD21: S01b0107h03 | AE21: 0.00011527326 | AG21: ELC | AH21: S01b0107h03 | AI21: 0 | AK21: 2020 | AL21: S11 | AM21: 0 | AN21: hydro
C22: S12 | D22: l | E22: 0107h12 | F22: S11 | G22: b | I22: elc_spv_001 | J22: S01b0107h04 | K22: 0 | L22: IMPNRGZ | N22: elc_won_001 | O22: S01b0107h04 | P22: 2.2616943e-08 | Q22: IMPNRGZ | S22: elc_wof_001 | T22: S01b0107h04 | U22: 0 | V22: IMPNRGZ | X22: 0.00011415525 | Y22: 1.4585353e-05 | Z22: S01b0107h04 | AA22: elc_roadtransport | AC22: elc_buildings | AD22: S01b0107h04 | AE22: 0.00011855923 | AG22: ELC | AH22: S01b0107h04 | AI22: 0 | AK22: 2020 | AL22: S12 | AM22: 0 | AN22: hydro
D23: m | E23: 0107h13 | F23: S12 | G23: b | I23: elc_spv_001 | J23: S01b0107h05 | K23: 0 | L23: IMPNRGZ | N23: elc_won_001 | O23: S01b0107h05 | P23: 1.7669166e-08 | Q23: IMPNRGZ | S23: elc_wof_001 | T23: S01b0107h05 | U23: 0 | V23: IMPNRGZ | X23: 0.00011415525 | Y23: 2.1215059e-05 | Z23: S01b0107h05 | AA23: elc_roadtransport | AC23: elc_buildings | AD23: S01b0107h05 | AE23: 0.0001322508 | AG23: ELC | AH23: S01b0107h05 | AI23: 0 | AK23: 2021 | AL23: S01 | AM23: 0 | AN23: hydro
D24: n | E24: 0107h14 | F24: S12 | G24: b | I24: elc_spv_001 | J24: S01b0107h06 | K24: 0 | L24: IMPNRGZ | N24: elc_won_001 | O24: S01b0107h06 | P24: 1.7033193e-09 | Q24: IMPNRGZ | S24: elc_wof_001 | T24: S01b0107h06 | U24: 0 | V24: IMPNRGZ | X24: 0.00011415525 | Y24: 5.7678443e-05 | Z24: S01b0107h06 | AA24: elc_roadtransport | AC24: elc_buildings | AD24: S01b0107h06 | AE24: 0.00013827508 | AG24: ELC | AH24: S01b0107h06 | AI24: 0 | AK24: 2021 | AL24: S02 | AM24: 0 | AN24: hydro
D25: o | E25: 0107h15 | F25: S12 | G25: b | I25: elc_spv_001 | J25: S01b0107h07 | K25: 0 | L25: IMPNRGZ | N25: elc_won_001 | O25: S01b0107h07 | P25: 0 | Q25: IMPNRGZ | S25: elc_wof_001 | T25: S01b0107h07 | U25: 0 | V25: IMPNRGZ | X25: 0.00011415525 | Y25: 0.0001690575 | Z25: S01b0107h07 | AA25: elc_roadtransport | AC25: elc_buildings | AD25: S01b0107h07 | AE25: 0.00014210872 | AG25: ELC | AH25: S01b0107h07 | AI25: 0 | AK25: 2021 | AL25: S03 | AM25: 0 | AN25: hydro
D26: p | E26: 0107h16 | F26: S12 | G26: b | I26: elc_spv_001 | J26: S01b0107h08 | K26: 0 | L26: IMPNRGZ | N26: elc_won_001 | O26: S01b0107h08 | P26: 3.2662569e-09 | Q26: IMPNRGZ | S26: elc_wof_001 | T26: S01b0107h08 | U26: 0 | V26: IMPNRGZ | X26: 0.00011415525 | Y26: 0.00019060405 | Z26: S01b0107h08 | AA26: elc_roadtransport | AC26: elc_buildings | AD26: S01b0107h08 | AE26: 0.00013909658 | AG26: ELC | AH26: S01b0107h08 | AI26: 0 | AK26: 2021 | AL26: S04 | AM26: 0 | AN26: hydro
E27: 0107h17 | G27: b | I27: elc_spv_001 | J27: S01b0107h09 | K27: 0 | L27: IMPNRGZ | N27: elc_won_001 | O27: S01b0107h09 | P27: 5.8019695e-08 | Q27: IMPNRGZ | S27: elc_wof_001 | T27: S01b0107h09 | U27: 0 | V27: IMPNRGZ | X27: 0.00011415525 | Y27: 0.00014585353 | Z27: S01b0107h09 | AA27: elc_roadtransport | AC27: elc_buildings | AD27: S01b0107h09 | AE27: 0.00014032882 | AG27: ELC | AH27: S01b0107h09 | AI27: 0 | AK27: 2021 | AL27: S05 | AM27: 0 | AN27: hydro
E28: 0107h18 | G28: b | I28: elc_spv_001 | J28: S01b0107h10 | K28: 0 | L28: IMPNRGZ | N28: elc_won_001 | O28: S01b0107h10 | P28: 3.9639993e-07 | Q28: IMPNRGZ | S28: elc_wof_001 | T28: S01b0107h10 | U28: 0 | V28: IMPNRGZ | X28: 0.00011415525 | Y28: 0.00014452759 | Z28: S01b0107h10 | AA28: elc_roadtransport | AC28: elc_buildings | AD28: S01b0107h10 | AE28: 0.0001401919 | AG28: ELC | AH28: S01b0107h10 | AI28: 0 | AK28: 2021 | AL28: S06 | AM28: 0 | AN28: hydro
E29: 0107h19 | G29: b | I29: elc_spv_001 | J29: S01b0107h11 | K29: 2.6076972e-05 | L29: IMPNRGZ | N29: elc_won_001 | O29: S01b0107h11 | P29: 8.9219569e-07 | Q29: IMPNRGZ | S29: elc_wof_001 | T29: S01b0107h11 | U29: 0 | V29: IMPNRGZ | X29: 0.00011415525 | Y29: 0.00014088125 | Z29: S01b0107h11 | AA29: elc_roadtransport | AC29: elc_buildings | AD29: S01b0107h11 | AE29: 0.00013991807 | AG29: ELC | AH29: S01b0107h11 | AI29: 0 | AK29: 2021 | AL29: S07 | AM29: 0 | AN29: hydro
E30: 0107h20 | G30: b | I30: elc_spv_001 | J30: S01b0107h12 | K30: 3.6544726e-05 | L30: IMPNRGZ | N30: elc_won_001 | O30: S01b0107h12 | P30: 2.8919319e-06 | Q30: IMPNRGZ | S30: elc_wof_001 | T30: S01b0107h12 | U30: 0 | V30: IMPNRGZ | X30: 0.00011415525 | Y30: 0.00014054977 | Z30: S01b0107h12 | AA30: elc_roadtransport | AC30: elc_buildings | AD30: S01b0107h12 | AE30: 0.00014005498 | AG30: ELC | AH30: S01b0107h12 | AI30: 0 | AK30: 2021 | AL30: S08 | AM30: 0 | AN30: hydro
E31: 0107h21 | G31: b | I31: elc_spv_001 | J31: S01b0107h13 | K31: 6.759391e-05 | L31: IMPNRGZ | N31: elc_won_001 | O31: S01b0107h13 | P31: 8.5658476e-06 | Q31: IMPNRGZ | S31: elc_wof_001 | T31: S01b0107h13 | U31: 0 | V31: IMPNRGZ | X31: 0.00011415525 | Y31: 0.00014253868 | Z31: S01b0107h13 | AA31: elc_roadtransport | AC31: elc_buildings | AD31: S01b0107h13 | AE31: 0.00014005498 | AG31: ELC | AH31: S01b0107h13 | AI31: 0 | AK31: 2021 | AL31: S09 | AM31: 0 | AN31: hydro
E32: 0107h22 | G32: b | I32: elc_spv_001 | J32: S01b0107h14 | K32: 7.2057838e-05 | L32: IMPNRGZ | N32: elc_won_001 | O32: S01b0107h14 | P32: 1.4701533e-05 | Q32: IMPNRGZ | S32: elc_wof_001 | T32: S01b0107h14 | U32: 2.5225287e-07 | V32: IMPNRGZ | X32: 0.00011415525 | Y32: 0.0001488369 | Z32: S01b0107h14 | AA32: elc_roadtransport | AC32: elc_buildings | AD32: S01b0107h14 | AE32: 0.00014005498 | AG32: ELC | AH32: S01b0107h14 | AI32: 0 | AK32: 2021 | AL32: S10 | AM32: 0 | AN32: hydro
E33: 0107h23 | G33: b | I33: elc_spv_001 | J33: S01b0107h15 | K33: 9.3435057e-05 | L33: IMPNRGZ | N33: elc_won_001 | O33: S01b0107h15 | P33: 2.0770414e-05 | Q33: IMPNRGZ | S33: elc_wof_001 | T33: S01b0107h15 | U33: 5.3390534e-07 | V33: IMPNRGZ | X33: 0.00011415525 | Y33: 0.00015049433 | Z33: S01b0107h15 | AA33: elc_roadtransport | AC33: elc_buildings | AD33: S01b0107h15 | AE33: 0.00014046573 | AG33: ELC | AH33: S01b0107h15 | AI33: 0 | AK33: 2021 | AL33: S11 | AM33: 0 | AN33: hydro
E34: 0107h24 | G34: b | I34: elc_spv_001 | J34: S01b0107h16 | K34: 5.9928661e-05 | L34: IMPNRGZ | N34: elc_won_001 | O34: S01b0107h16 | P34: 2.8891917e-05 | Q34: IMPNRGZ | S34: elc_wof_001 | T34: S01b0107h16 | U34: 5.5989739e-06 | V34: IMPNRGZ | X34: 0.00011415525 | Y34: 0.00017237236 | Z34: S01b0107h16 | AA34: elc_roadtransport | AC34: elc_buildings | AD34: S01b0107h16 | AE34: 0.00014073956 | AG34: ELC | AH34: S01b0107h16 | AI34: 0 | AK34: 2021 | AL34: S12 | AM34: 0 | AN34: hydro
E35: 0130h01 | G35: c | I35: elc_spv_001 | J35: S01b0107h17 | K35: 0 | L35: IMPNRGZ | N35: elc_won_001 | O35: S01b0107h17 | P35: 3.9849206e-05 | Q35: IMPNRGZ | S35: elc_wof_001 | T35: S01b0107h17 | U35: 6.0043778e-06 | V35: IMPNRGZ | X35: 0.00011415525 | Y35: 0.00022209515 | Z35: S01b0107h17 | AA35: elc_roadtransport | AC35: elc_buildings | AD35: S01b0107h17 | AE35: 0.00014087648 | AG35: ELC | AH35: S01b0107h17 | AI35: 0 | AK35: 2022 | AL35: S01 | AM35: 0 | AN35: hydro
E36: 0130h02 | G36: c | I36: elc_spv_001 | J36: S01b0107h18 | K36: 0 | L36: IMPNRGZ | N36: elc_won_001 | O36: S01b0107h18 | P36: 5.2608149e-05 | Q36: IMPNRGZ | S36: elc_wof_001 | T36: S01b0107h18 | U36: 5.4257219e-06 | V36: IMPNRGZ | X36: 0.00011415525 | Y36: 0.00022209515 | Z36: S01b0107h18 | AA36: elc_roadtransport | AC36: elc_buildings | AD36: S01b0107h18 | AE36: 0.00014046573 | AG36: ELC | AH36: S01b0107h18 | AI36: 0 | AK36: 2022 | AL36: S02 | AM36: 0 | AN36: hydro
E37: 0130h03 | G37: c | I37: elc_spv_001 | J37: S01b0107h19 | K37: 0 | L37: IMPNRGZ | N37: elc_won_001 | O37: S01b0107h19 | P37: 6.6688938e-05 | Q37: IMPNRGZ | S37: elc_wof_001 | T37: S01b0107h19 | U37: 9.3602335e-06 | V37: IMPNRGZ | X37: 0.00011415525 | Y37: 0.00017237236 | Z37: S01b0107h19 | AA37: elc_roadtransport | AC37: elc_buildings | AD37: S01b0107h19 | AE37: 0.00014115031 | AG37: ELC | AH37: S01b0107h19 | AI37: 0 | AK37: 2022 | AL37: S03 | AM37: 0 | AN37: hydro
E38: 0130h04 | G38: c | I38: elc_spv_001 | J38: S01b0107h20 | K38: 0 | L38: IMPNRGZ | N38: elc_won_001 | O38: S01b0107h20 | P38: 8.2613922e-05 | Q38: IMPNRGZ | S38: elc_wof_001 | T38: S01b0107h20 | U38: 1.6733521e-05 | V38: IMPNRGZ | X38: 0.00011415525 | Y38: 0.00015579809 | Z38: S01b0107h20 | AA38: elc_roadtransport | AC38: elc_buildings | AD38: S01b0107h20 | AE38: 0.00013909658 | AG38: ELC | AH38: S01b0107h20 | AI38: 0 | AK38: 2022 | AL38: S04 | AM38: 0 | AN38: hydro
... E46: 0130h12 | G46: c | I46: elc_spv_001 | J46: S01c0130h04 | K46: 0 | L46: IMPNRGZ | N46: elc_won_001 | O46: S01c0130h04 | P46: 0.00023526247 | Q46: IMPNRGZ | S46: elc_wof_001 | T46: S01c0130h04 | U46: 0.00023915543 | V46: IMPNRGZ | X46: 0.00011415525 | Y46: 1.4585353e-05 | Z46: S01c0130h04 | AA46: elc_roadtransport | AC46: elc_buildings | AD46: S01c0130h04 | AE46: 0.0001182854 | AG46: ELC | AH46: S01c0130h04 | AI46: 0 | AK46: 2022 | AL46: S12 | AM46: 0 | AN46: hydro
E47: 0130h13 | G47: c | I47: elc_spv_001 | J47: S01c0130h05 | K47: 0 | L47: IMPNRGZ | N47: elc_won_001 | O47: S01c0130h05 | P47: 0.00023572433 | Q47: IMPNRGZ | S47: elc_wof_001 | T47: S01c0130h05 | U47: 0.00025967162 | V47: IMPNRGZ | X47: 0.00011415525 | Y47: 2.1215059e-05 | Z47: S01c0130h05 | AA47: elc_roadtransport | AC47: elc_buildings | AD47: S01c0130h05 | AE47: 0.00013197696 | AG47: ELC | AH47: S01c0130h05 | AI47: 0
E48: 0130h14 | G48: c | I48: elc_spv_001 | J48: S01c0130h06 | K48: 0 | L48: IMPNRGZ | N48: elc_won_001 | O48: S01c0130h06 | P48: 0.00023571461 | Q48: IMPNRGZ | S48: elc_wof_001 | T48: S01c0130h06 | U48: 0.00032596573 | V48: IMPNRGZ | X48: 0.00011415525 | Y48: 5.7678443e-05 | Z48: S01c0130h06 | AA48: elc_roadtransport | AC48: elc_buildings | AD48: S01c0130h06 | AE48: 0.00013800125 | AG48: ELC | AH48: S01c0130h06 | AI48: 0
E49: 0130h15 | G49: c | I49: elc_spv_001 | J49: S01c0130h07 | K49: 0 | L49: IMPNRGZ | N49: elc_won_001 | O49: S01c0130h07 | P49: 0.00023602339 | Q49: IMPNRGZ | S49: elc_wof_001 | T49: S01c0130h07 | U49: 0.00032585081 | V49: IMPNRGZ | X49: 0.00011415525 | Y49: 0.0001690575 | Z49: S01c0130h07 | AA49: elc_roadtransport | AC49: elc_buildings | AD49: S01c0130h07 | AE49: 0.00014183489 | AG49: ELC | AH49: S01c0130h07 | AI49: 0
E50: 0130h16 | G50: c | I50: elc_spv_001 | J50: S01c0130h08 | K50: 0 | L50: IMPNRGZ | N50: elc_won_001 | O50: S01c0130h08 | P50: 0.00023620068 | Q50: IMPNRGZ | S50: elc_wof_001 | T50: S01c0130h08 | U50: 0.00035338925 | V50: IMPNRGZ | X50: 0.00011415525 | Y50: 0.00019060405 | Z50: S01c0130h08 | AA50: elc_roadtransport | AC50: elc_buildings | AD50: S01c0130h08 | AE50: 0.00013868583 | AG50: ELC | AH50: S01c0130h08 | AI50: 0
E51: 0130h17 | G51: c | I51: elc_spv_001 | J51: S01c0130h09 | K51: 0 | L51: IMPNRGZ | N51: elc_won_001 | O51: S01c0130h09 | P51: 0.00023625116 | Q51: IMPNRGZ | S51: elc_wof_001 | T51: S01c0130h09 | U51: 0.00036937872 | V51: IMPNRGZ | X51: 0.00011415525 | Y51: 0.00014585353 | Z51: S01c0130h09 | AA51: elc_roadtransport | AC51: elc_buildings | AD51: S01c0130h09 | AE51: 0.00013964424 | AG51: ELC | AH51: S01c0130h09 | AI51: 0
E52: 0130h18 | G52: c | I52: elc_spv_001 | J52: S01c0130h10 | K52: 0 | L52: IMPNRGZ | N52: elc_won_001 | O52: S01c0130h10 | P52: 0.00023625116 | Q52: IMPNRGZ | S52: elc_wof_001 | T52: S01c0130h10 | U52: 0.00038095863 | V52: IMPNRGZ | X52: 0.00011415525 | Y52: 0.00014452759 | Z52: S01c0130h10 | AA52: elc_roadtransport | AC52: elc_buildings | AD52: S01c0130h10 | AE52: 0.00013950732 | AG52: ELC | AH52: S01c0130h10 | AI52: 0
E53: 0130h19 | G53: c | I53: elc_spv_001 | J53: S01c0130h11 | K53: 7.8423758e-06 | L53: IMPNRGZ | N53: elc_won_001 | O53: S01c0130h11 | P53: 0.00023625116 | Q53: IMPNRGZ | S53: elc_wof_001 | T53: S01c0130h11 | U53: 0.0003824512 | V53: IMPNRGZ | X53: 0.00011415525 | Y53: 0.00014088125 | Z53: S01c0130h11 | AA53: elc_roadtransport | AC53: elc_buildings | AD53: S01c0130h11 | AE53: 0.00013950732 | AG53: ELC | AH53: S01c0130h11 | AI53: 0
E54: 0130h20 | G54: c | I54: elc_spv_001 | J54: S01c0130h12 | K54: 2.2357761e-05 | L54: IMPNRGZ | N54: elc_won_001 | O54: S01c0130h12 | P54: 0.00023625116 | Q54: IMPNRGZ | S54: elc_wof_001 | T54: S01c0130h12 | U54: 0.00038307552 | V54: IMPNRGZ | X54: 0.00011415525 | Y54: 0.00014054977 | Z54: S01c0130h12 | AA54: elc_roadtransport | AC54: elc_buildings | AD54: S01c0130h12 | AE54: 0.00013950732 | AG54: ELC | AH54: S01c0130h12 | AI54: 0
E55: 0130h21 | G55: c | I55: elc_spv_001 | J55: S01c0130h13 | K55: 3.5238197e-05 | L55: IMPNRGZ | N55: elc_won_001 | O55: S01c0130h13 | P55: 0.00023625116 | Q55: IMPNRGZ | S55: elc_wof_001 | T55: S01c0130h13 | U55: 0.00038491274 | V55: IMPNRGZ | X55: 0.00011415525 | Y55: 0.00014253868 | Z55: S01c0130h13 | AA55: elc_roadtransport | AC55: elc_buildings | AD55: S01c0130h13 | AE55: 0.00013923349 | AG55: ELC | AH55: S01c0130h13 | AI55: 0
E56: 0130h22 | G56: c | I56: elc_spv_001 | J56: S01c0130h14 | K56: 3.0326165e-05 | L56: IMPNRGZ | N56: elc_won_001 | O56: S01c0130h14 | P56: 0.00023625116 | Q56: IMPNRGZ | S56: elc_wof_001 | T56: S01c0130h14 | U56: 0.00038491274 | V56: IMPNRGZ | X56: 0.00011415525 | Y56: 0.0001488369 | Z56: S01c0130h14 | AA56: elc_roadtransport | AC56: elc_buildings | AD56: S01c0130h14 | AE56: 0.00013923349 | AG56: ELC | AH56: S01c0130h14 | AI56: 0
E57: 0130h23 | G57: c | I57: elc_spv_001 | J57: S01c0130h15 | K57: 2.2858759e-05 | L57: IMPNRGZ | N57: elc_won_001 | O57: S01c0130h15 | P57: 0.00023625116 | Q57: IMPNRGZ | S57: elc_wof_001 | T57: S01c0130h15 | U57: 0.00038491274 | V57: IMPNRGZ | X57: 0.00011415525 | Y57: 0.00015049433 | Z57: S01c0130h15 | AA57: elc_roadtransport | AC57: elc_buildings | AD57: S01c0130h15 | AE57: 0.00013950732 | AG57: ELC | AH57: S01c0130h15 | AI57: 0
E58: 0130h24 | G58: c | I58: elc_spv_001 | J58: S01c0130h16 | K58: 1.217605e-05 | L58: IMPNRGZ | N58: elc_won_001 | O58: S01c0130h16 | P58: 0.00023625116 | Q58: IMPNRGZ | S58: elc_wof_001 | T58: S01c0130h16 | U58: 0.00038491274 | V58: IMPNRGZ | X58: 0.00011415525 | Y58: 0.00017237236 | Z58: S01c0130h16 | AA58: elc_roadtransport | AC58: elc_buildings | AD58: S01c0130h16 | AE58: 0.00013991807 | AG58: ELC | AH58: S01c0130h16 | AI58: 0
... E378: H08 | G378: a | I378: elc_spv_001 | J378: S12m1222h08 | K378: 0 | L378: IMPNRGZ | N378: elc_won_001 | O378: S12m1222h08 | P378: 0.00023625116 | Q378: IMPNRGZ | S378: elc_wof_001 | T378: S12m1222h08 | U378: 0.00032973341 | V378: IMPNRGZ | X378: 0.00011415525 | Y378: 0.00019060405 | Z378: S12m1222h08 | AA378: elc_roadtransport | AC378: elc_buildings | AD378: S12m1222h08 | AE378: 0.00011703108 | AG378: ELC | AH378: S12m1222h08 | AI378: 0
I379: elc_spv_001 | J379: S12m1222h09 | K379: 0 | L379: IMPNRGZ | N379: elc_won_001 | O379: S12m1222h09 | P379: 0.00023625116 | Q379: IMPNRGZ | S379: elc_wof_001 | T379: S12m1222h09 | U379: 0.00030953936 | V379: IMPNRGZ | X379: 0.00011415525 | Y379: 0.00014585353 | Z379: S12m1222h09 | AA379: elc_roadtransport | AC379: elc_buildings | AD379: S12m1222h09 | AE379: 0.00011990631 | AG379: ELC | AH379: S12m1222h09 | AI379: 0
I380: elc_spv_001 | J380: S12m1222h10 | K380: 0 | L380: IMPNRGZ | N380: elc_won_001 | O380: S12m1222h10 | P380: 0.00023625116 | Q380: IMPNRGZ | S380: elc_wof_001 | T380: S12m1222h10 | U380: 0.00033217074 | V380: IMPNRGZ | X380: 0.00011415525 | Y380: 0.00014452759 | Z380: S12m1222h10 | AA380: elc_roadtransport | AC380: elc_buildings | AD380: S12m1222h10 | AE380: 0.00011990631 | AG380: ELC | AH380: S12m1222h10 | AI380: 0
I381: elc_spv_001 | J381: S12m1222h11 | K381: 0 | L381: IMPNRGZ | N381: elc_won_001 | O381: S12m1222h11 | P381: 0.00023625116 | Q381: IMPNRGZ | S381: elc_wof_001 | T381: S12m1222h11 | U381: 0.00035084384 | V381: IMPNRGZ | X381: 0.00011415525 | Y381: 0.00014088125 | Z381: S12m1222h11 | AA381: elc_roadtransport | AC381: elc_buildings | AD381: S12m1222h11 | AE381: 0.00012113855 | AG381: ELC | AH381: S12m1222h11 | AI381: 0
I382: elc_spv_001 | J382: S12m1222h12 | K382: 5.6808075e-08 | L382: IMPNRGZ | N382: elc_won_001 | O382: S12m1222h12 | P382: 0.00023625116 | Q382: IMPNRGZ | S382: elc_wof_001 | T382: S12m1222h12 | U382: 0.00035741752 | V382: IMPNRGZ | X382: 0.00011415525 | Y382: 0.00014054977 | Z382: S12m1222h12 | AA382: elc_roadtransport | AC382: elc_buildings | AD382: S12m1222h12 | AE382: 0.00012127547 | AG382: ELC | AH382: S12m1222h12 | AI382: 0
I383: elc_spv_001 | J383: S12m1222h13 | K383: 2.1139474e-06 | L383: IMPNRGZ | N383: elc_won_001 | O383: S12m1222h13 | P383: 0.00023625116 | Q383: IMPNRGZ | S383: elc_wof_001 | T383: S12m1222h13 | U383: 0.00035429111 | V383: IMPNRGZ | X383: 0.00011415525 | Y383: 0.00014253868 | Z383: S12m1222h13 | AA383: elc_roadtransport | AC383: elc_buildings | AD383: S12m1222h13 | AE383: 0.00012141238 | AG383: ELC | AH383: S12m1222h13 | AI383: 0
I384: elc_spv_001 | J384: S12m1222h14 | K384: 4.0008522e-06 | L384: IMPNRGZ | N384: elc_won_001 | O384: S12m1222h14 | P384: 0.00023625116 | Q384: IMPNRGZ | S384: elc_wof_001 | T384: S12m1222h14 | U384: 0.00037516474 | V384: IMPNRGZ | X384: 0.00011415525 | Y384: 0.0001488369 | Z384: S12m1222h14 | AA384: elc_roadtransport | AC384: elc_buildings | AD384: S12m1222h14 | AE384: 0.00012086472 | AG384: ELC | AH384: S12m1222h14 | AI384: 0
I385: elc_spv_001 | J385: S12m1222h15 | K385: 6.2066527e-07 | L385: IMPNRGZ | N385: elc_won_001 | O385: S12m1222h15 | P385: 0.00023625116 | Q385: IMPNRGZ | S385: elc_wof_001 | T385: S12m1222h15 | U385: 0.00037753924 | V385: IMPNRGZ | X385: 0.00011415525 | Y385: 0.00015049433 | Z385: S12m1222h15 | AA385: elc_roadtransport | AC385: elc_buildings | AD385: S12m1222h15 | AE385: 0.00012113855 | AG385: ELC | AH385: S12m1222h15 | AI385: 0
I386: elc_spv_001 | J386: S12m1222h16 | K386: 0 | L386: IMPNRGZ | N386: elc_won_001 | O386: S12m1222h16 | P386: 0.00023625116 | Q386: IMPNRGZ | S386: elc_wof_001 | T386: S12m1222h16 | U386: 0.00037950883 | V386: IMPNRGZ | X386: 0.00011415525 | Y386: 0.00017237236 | Z386: S12m1222h16 | AA386: elc_roadtransport | AC386: elc_buildings | AD386: S12m1222h16 | AE386: 0.00012319229 | AG386: ELC | AH386: S12m1222h16 | AI386: 0
I387: elc_spv_001 | J387: S12m1222h17 | K387: 0 | L387: IMPNRGZ | N387: elc_won_001 | O387: S12m1222h17 | P387: 0.00023625116 | Q387: IMPNRGZ | S387: elc_wof_001 | T387: S12m1222h17 | U387: 0.00038072644 | V387: IMPNRGZ | X387: 0.00011415525 | Y387: 0.00022209515 | Z387: S12m1222h17 | AA387: elc_roadtransport | AC387: elc_buildings | AD387: S12m1222h17 | AE387: 0.00012305537 | AG387: ELC | AH387: S12m1222h17 | AI387: 0
I388: elc_spv_001 | J388: S12m1222h18 | K388: 0 | L388: IMPNRGZ | N388: elc_won_001 | O388: S12m1222h18 | P388: 0.00023625116 | Q388: IMPNRGZ | S388: elc_wof_001 | T388: S12m1222h18 | U388: 0.00038101463 | V388: IMPNRGZ | X388: 0.00011415525 | Y388: 0.00022209515 | Z388: S12m1222h18 | AA388: elc_roadtransport | AC388: elc_buildings | AD388: S12m1222h18 | AE388: 0.00012291846 | AG388: ELC | AH388: S12m1222h18 | AI388: 0
I389: elc_spv_001 | J389: S12m1222h19 | K389: 0 | L389: IMPNRGZ | N389: elc_won_001 | O389: S12m1222h19 | P389: 0.00023625116 | Q389: IMPNRGZ | S389: elc_wof_001 | T389: S12m1222h19 | U389: 0.00038320581 | V389: IMPNRGZ | X389: 0.00011415525 | Y389: 0.00017237236 | Z389: S12m1222h19 | AA389: elc_roadtransport | AC389: elc_buildings | AD389: S12m1222h19 | AE389: 0.00012250771 | AG389: ELC | AH389: S12m1222h19 | AI389: 0
I390: elc_spv_001 | J390: S12m1222h20 | K390: 0 | L390: IMPNRGZ | N390: elc_won_001 | O390: S12m1222h20 | P390: 0.00023625116 | Q390: IMPNRGZ | S390: elc_wof_001 | T390: S12m1222h20 | U390: 0.00038439154 | V390: IMPNRGZ | X390: 0.00011415525 | Y390: 0.00015579809 | Z390: S12m1222h20 | AA390: elc_roadtransport | AC390: elc_buildings | AD390: S12m1222h20 | AE390: 0.00012086472 | AG390: ELC | AH390: S12m1222h20 | AI390: 0
... I466: elc_spv_001 | J466: S12p1228h24 | K466: 0 | L466: IMPNRGZ | N466: elc_won_001 | O466: S12p1228h24 | P466: 0.00023616538 | Q466: IMPNRGZ | S466: elc_wof_001 | T466: S12p1228h24 | U466: 0.0003549097 | V466: IMPNRGZ | X466: 0.00011415525 | Y466: 2.9833677e-05 | Z466: S12p1228h24 | AA466: elc_roadtransport | AC466: elc_buildings | AD466: S12p1228h24 | AE466: 0.00010019046 | AG466: ELC | AH466: S12p1228h24 | AI466: 0
I467: elc_spv_002 | J467: S01aH01 | K467: 0 | L467: IMPNRGZ | N467: elc_won_002 | O467: S01aH01 | P467: 0.018480217 | Q467: IMPNRGZ | S467: elc_wof_002 | T467: S01aH01 | U467: 0.019593939 | V467: IMPNRGZ | AC467: elc_industry | AD467: S01aH01 | AE467: 0.016440007
I468: elc_spv_002 | J468: S01aH02 | K468: 0 | L468: IMPNRGZ | N468: elc_won_002 | O468: S01aH02 | P468: 0.0039364093 | Q468: IMPNRGZ | S468: elc_wof_002 | T468: S01aH02 | U468: 0.0037707244 | V468: IMPNRGZ | AC468: elc_industry | AD468: S01aH02 | AE468: 0.0033195434
I469: elc_spv_002 | J469: S01aH03 | K469: 0.0087428776 | L469: IMPNRGZ | N469: elc_won_002 | O469: S01aH03 | P469: 0.035934264 | Q469: IMPNRGZ | S469: elc_wof_002 | T469: S01aH03 | U469: 0.034375621 | V469: IMPNRGZ | AC469: elc_industry | AD469: S01aH03 | AE469: 0.02994041
I470: elc_spv_002 | J470: S01aH04 | K470: 0.0014439378 | L470: IMPNRGZ | N470: elc_won_002 | O470: S01aH04 | P470: 0.0040212535 | Q470: IMPNRGZ | S470: elc_wof_002 | T470: S01aH04 | U470: 0.0039761574 | V470: IMPNRGZ | AC470: elc_industry | AD470: S01aH04 | AE470: 0.003329789
I471: elc_spv_002 | J471: S01aH05 | K471: 0.00067266983 | L471: IMPNRGZ | N471: elc_won_002 | O471: S01aH05 | P471: 0.012262982 | Q471: IMPNRGZ | S471: elc_wof_002 | T471: S01aH05 | U471: 0.011337472 | V471: IMPNRGZ | AC471: elc_industry | AD471: S01aH05 | AE471: 0.0099890604
I472: elc_spv_002 | J472: S01aH06 | K472: 0 | L472: IMPNRGZ | N472: elc_won_002 | O472: S01aH06 | P472: 0.0040511419 | Q472: IMPNRGZ | S472: elc_wof_002 | T472: S01aH06 | U472: 0.0036748013 | V472: IMPNRGZ | AC472: elc_industry | AD472: S01aH06 | AE472: 0.0033267529
I473: elc_spv_002 | J473: S01aH07 | K473: 0 | L473: IMPNRGZ | N473: elc_won_002 | O473: S01aH07 | P473: 0.003973533 | Q473: IMPNRGZ | S473: elc_wof_002 | T473: S01aH07 | U473: 0.0036451345 | V473: IMPNRGZ | AC473: elc_industry | AD473: S01aH07 | AE473: 0.0033153897
I474: elc_spv_002 | J474: S01aH08 | K474: 0 | L474: IMPNRGZ | N474: elc_won_002 | O474: S01aH08 | P474: 0.011072741 | Q474: IMPNRGZ | S474: elc_wof_002 | T474: S01aH08 | U474: 0.010692675 | V474: IMPNRGZ | AC474: elc_industry | AD474: S01aH08 | AE474: 0.0098739059
I475: elc_spv_002 | J475: S01b0107h01 | K475: 0 | L475: IMPNRGZ | N475: elc_won_002 | O475: S01b0107h01 | P475: 4.5913501e-05 | Q475: IMPNRGZ | S475: elc_wof_002 | T475: S01b0107h01 | U475: 0 | V475: IMPNRGZ | AC475: elc_industry | AD475: S01b0107h01 | AE475: 0.0001130129
I476: elc_spv_002 | J476: S01b0107h02 | K476: 0 | L476: IMPNRGZ | N476: elc_won_002 | O476: S01b0107h02 | P476: 3.0503628e-05 | Q476: IMPNRGZ | S476: elc_wof_002 | T476: S01b0107h02 | U476: 0 | V476: IMPNRGZ | AC476: elc_industry | AD476: S01b0107h02 | AE476: 0.0001130129
I477: elc_spv_002 | J477: S01b0107h03 | K477: 0 | L477: IMPNRGZ | N477: elc_won_002 | O477: S01b0107h03 | P477: 2.3382989e-05 | Q477: IMPNRGZ | S477: elc_wof_002 | T477: S01b0107h03 | U477: 0 | V477: IMPNRGZ | AC477: elc_industry | AD477: S01b0107h03 | AE477: 0.00011309202
I478: elc_spv_002 | J478: S01b0107h04 | K478: 0 | L478: IMPNRGZ | N478: elc_won_002 | O478: S01b0107h04 | P478: 1.8930638e-05 | Q478: IMPNRGZ | S478: elc_wof_002 | T478: S01b0107h04 | U478: 0 | V478: IMPNRGZ | AC478: elc_industry | AD478: S01b0107h04 | AE478: 0.00011332937
... I922: elc_spv_002 | J922: S12p1228h24 | K922: 0 | L922: IMPNRGZ | N922: elc_won_002 | O922: S12p1228h24 | P922: 0.00025972413 | Q922: IMPNRGZ | S922: elc_wof_002 | T922: S12p1228h24 | U922: 0.000305764 | V922: IMPNRGZ | AC922: elc_industry | AD922: S12p1228h24 | AE922: 0.00011271668
I923: elc_spv_003 | J923: S01aH01 | K923: 0 | L923: IMPNRGZ | N923: elc_won_003 | O923: S01aH01 | P923: 0.018915215 | Q923: IMPNRGZ | S923: elc_wof_003 | T923: S01aH01 | U923: 0.019670168 | V923: IMPNRGZ
I924: elc_spv_003 | J924: S01aH02 | K924: 0 | L924: IMPNRGZ | N924: elc_won_003 | O924: S01aH02 | P924: 0.0039132831 | Q924: IMPNRGZ | S924: elc_wof_003 | T924: S01aH02 | U924: 0.0042431155 | V924: IMPNRGZ
I925: elc_spv_003 | J925: S01aH03 | K925: 0.009331401 | L925: IMPNRGZ | N925: elc_won_003 | O925: S01aH03 | P925: 0.034684966 | Q925: IMPNRGZ | S925: elc_wof_003 | T925: S01aH03 | U925: 0.033804889 | V925: IMPNRGZ
I926: elc_spv_003 | J926: S01aH04 | K926: 0.0015817419 | L926: IMPNRGZ | N926: elc_won_003 | O926: S01aH04 | P926: 0.0038713766 | Q926: IMPNRGZ | S926: elc_wof_003 | T926: S01aH04 | U926: 0.0035777156 | V926: IMPNRGZ
I927: elc_spv_003 | J927: S01aH05 | K927: 0.00079984992 | L927: IMPNRGZ | N927: elc_won_003 | O927: S01aH05 | P927: 0.011544953 | Q927: IMPNRGZ | S927: elc_wof_003 | T927: S01aH05 | U927: 0.011082924 | V927: IMPNRGZ
I928: elc_spv_003 | J928: S01aH06 | K928: 0 | L928: IMPNRGZ | N928: elc_won_003 | O928: S01aH06 | P928: 0.0037696349 | Q928: IMPNRGZ | S928: elc_wof_003 | T928: S01aH06 | U928: 0.0036475877 | V928: IMPNRGZ
I929: elc_spv_003 | J929: S01aH07 | K929: 0 | L929: IMPNRGZ | N929: elc_won_003 | O929: S01aH07 | P929: 0.003704703 | Q929: IMPNRGZ | S929: elc_wof_003 | T929: S01aH07 | U929: 0.0034827675 | V929: IMPNRGZ
I930: elc_spv_003 | J930: S01aH08 | K930: 0 | L930: IMPNRGZ | N930: elc_won_003 | O930: S01aH08 | P930: 0.010788111 | Q930: IMPNRGZ | S930: elc_wof_003 | T930: S01aH08 | U930: 0.01008012 | V930: IMPNRGZ
I931: elc_spv_003 | J931: S01b0107h01 | K931: 0 | L931: IMPNRGZ | N931: elc_won_003 | O931: S01b0107h01 | P931: 2.2889686e-05 | Q931: IMPNRGZ | S931: elc_wof_003 | T931: S01b0107h01 | U931: 7.9581486e-06 | V931: IMPNRGZ
I932: elc_spv_003 | J932: S01b0107h02 | K932: 0 | L932: IMPNRGZ | N932: elc_won_003 | O932: S01b0107h02 | P932: 1.4537123e-05 | Q932: IMPNRGZ | S932: elc_wof_003 | T932: S01b0107h02 | U932: 0 | V932: IMPNRGZ
I933: elc_spv_003 | J933: S01b0107h03 | K933: 0 | L933: IMPNRGZ | N933: elc_won_003 | O933: S01b0107h03 | P933: 9.1569161e-06 | Q933: IMPNRGZ | S933: elc_wof_003 | T933: S01b0107h03 | U933: 0 | V933: IMPNRGZ
I934: elc_spv_003 | J934: S01b0107h04 | K934: 0 | L934: IMPNRGZ | N934: elc_won_003 | O934: S01b0107h04 | P934: 5.8070953e-06 | Q934: IMPNRGZ | S934: elc_wof_003 | T934: S01b0107h04 | U934: 0 | V934: IMPNRGZ
... I4570: elc_spv_010 | J4570: S12p1228h24 | K4570: 0 | L4570: IMPNRGZ | N4570: elc_won_010 | O4570: S12p1228h24 | P4570: 0.00030801967 | Q4570: IMPNRGZ | S4570: elc_wof_010 | T4570: S12p1228h24 | U4570: 0.00025161721 | V4570: IMPNRGZ

Sheet s2_w_p2_d
C9: =IF(A11="x","DeActivated","~TimeSlices") -> DeActivated | I9: =IF(A11="x","DeActivated","~TFM_DINS-AT") -> DeActivated | N9: =IF(A11="x","DeActivated","~TFM_DINS-AT") -> DeActivated | S9: =IF(A11="x","DeActivated","~TFM_DINS-AT") -> DeActivated | X9: =IF(A11="x","DeActivated","~TFM_DINS-AT") -> DeActivated | AC9: =IF(A11="x","DeActivated","~TFM_DINS-AT") -> DeActivated | AG9: =IF(A11="x","DeActivated","~TFM_DINS-AT") -> DeActivated | AK9: =IF(A11="x","DeActivated","~TFM_INS-AT") -> DeActivated
A10: s2_w_p2_d | C10: season | D10: weekly | E10: daynite | F10: wparent | G10: dparent | I10: commodity | J10: timeslice | K10: com_fr | L10: process | N10: commodity | O10: timeslice | P10: com_fr | Q10: process | S10: commodity | T10: timeslice | U10: com_fr | V10: process | X10: g_yrfr | Y10: com_fr | Z10: timeslice | AA10: commodity | AC10: commodity | AD10: timeslice | AE10: com_fr | AG10: commodity | AH10: timeslice | AI10: com_pkflx | AK10: Year | AL10: timeslice | AM10: ncap_afs | AN10: pset_ci
A11: =IFERROR(IF(Veda!D5=A10,"ok","x"),"") -> x | C11: S01 | D11: a | E11: 0604h01 | F11: S01,S02,S03,S04,S05,S06,S07,S08,S09,S10,S11,S12 | G11: b | I11: elc_spv_001 | J11: S01aH01 | K11: 0 | L11: IMPNRGZ | N11: elc_won_001 | O11: S01aH01 | P11: 0.019486302 | Q11: IMPNRGZ | S11: elc_wof_001 | T11: S01aH01 | U11: 0.021480466 | V11: IMPNRGZ | X11: 0.017694064 | Y11: 0.0027539799 | Z11: S01aH01 | AA11: elc_roadtransport | AC11: elc_buildings | AD11: S01aH01 | AE11: 0.018478957 | AG11: ELC | AH11: S01aH01 | AI11: 0.146639 | AK11: 2020 | AL11: S01 | AM11: 0 | AN11: hydro
C12: S02 | D12: b | E12: 0604h02 | F12: S06 | G12: b | I12: elc_spv_001 | J12: S01aH02 | K12: 0 | L12: IMPNRGZ | N12: elc_won_001 | O12: S01aH02 | P12: 0.0039381276 | Q12: IMPNRGZ | S12: elc_wof_001 | T12: S01aH02 | U12: 0.0042989738 | V12: IMPNRGZ | X12: 0.0035388128 | Y12: 0.0017880317 | Z12: S01aH02 | AA12: elc_roadtransport | AC12: elc_buildings | AD12: S01aH02 | AE12: 0.0041712446 | AG12: ELC | AH12: S01aH02 | AI12: 0.075518054 | AK12: 2020 | AL12: S02 | AM12: 0 | AN12: hydro
C13: S03 | D13: c | E13: 0604h03 | F13: S08 | G13: b | I13: elc_spv_001 | J13: S01aH03 | K13: 0.0082448109 | L13: IMPNRGZ | N13: elc_won_001 | O13: S01aH03 | P13: 0.038022679 | Q13: IMPNRGZ | S13: elc_wof_001 | T13: S01aH03 | U13: 0.03649151 | V13: IMPNRGZ | X13: 0.031849315 | Y13: 0.042573652 | Z13: S01aH03 | AA13: elc_roadtransport | AC13: elc_buildings | AD13: S01aH03 | AE13: 0.038466888 | AG13: ELC | AH13: S01aH03 | AI13: 0.06036555 | AK13: 2020 | AL13: S03 | AM13: 0 | AN13: hydro
C14: S04 | D14: d | E14: 0604h04 | F14: S12 | G14: b | I14: elc_spv_001 | J14: S01aH04 | K14: 0.0014127397 | L14: IMPNRGZ | N14: elc_won_001 | O14: S01aH04 | P14: 0.0043550583 | Q14: IMPNRGZ | S14: elc_wof_001 | T14: S01aH04 | U14: 0.0041733096 | V14: IMPNRGZ | X14: 0.0035388128 | Y14: 0.0053435431 | Z14: S01aH04 | AA14: elc_roadtransport | AC14: elc_buildings | AD14: S01aH04 | AE14: 0.0043174705 | AG14: ELC | AH14: S01aH04 | AI14: 0.035756594 | AK14: 2020 | AL14: S04 | AM14: 0 | AN14: hydro
C15: S05 | D15: e | E15: 0604h05 | F15: S12 | G15: b | I15: elc_spv_001 | J15: S01aH05 | K15: 0.00061816345 | L15: IMPNRGZ | N15: elc_won_001 | O15: S01aH05 | P15: 0.012544254 | Q15: IMPNRGZ | S15: elc_wof_001 | T15: S01aH05 | U15: 0.012528104 | V15: IMPNRGZ | X15: 0.010616438 | Y15: 0.019113443 | Z15: S01aH05 | AA15: elc_roadtransport | AC15: elc_buildings | AD15: S01aH05 | AE15: 0.012948167 | AG15: ELC | AH15: S01aH05 | AI15: 0.037514711 | AK15: 2020 | AL15: S05 | AM15: 0 | AN15: hydro
C16: S06 | E16: 0604h06 | G16: b | I16: elc_spv_001 | J16: S01aH06 | K16: 0 | L16: IMPNRGZ | N16: elc_won_001 | O16: S01aH06 | P16: 0.0040373608 | Q16: IMPNRGZ | S16: elc_wof_001 | T16: S01aH06 | U16: 0.0040092314 | V16: IMPNRGZ | X16: 0.0035388128 | Y16: 0.0048297409 | Z16: S01aH06 | AA16: elc_roadtransport | AC16: elc_buildings | AD16: S01aH06 | AE16: 0.0042717407 | AG16: ELC | AH16: S01aH06 | AI16: 0.034365936 | AK16: 2020 | AL16: S06 | AM16: 0 | AN16: hydro
C17: S07 | E17: 0604h07 | G17: b | I17: elc_spv_001 | J17: S01aH07 | K17: 0 | L17: IMPNRGZ | N17: elc_won_001 | O17: S01aH07 | P17: 0.0039897057 | Q17: IMPNRGZ | S17: elc_wof_001 | T17: S01aH07 | U17: 0.0038701318 | V17: IMPNRGZ | X17: 0.0035388128 | Y17: 0.0033910946 | Z17: S01aH07 | AA17: elc_roadtransport | AC17: elc_buildings | AD17: S01aH07 | AE17: 0.0041027868 | AG17: ELC | AH17: S01aH07 | AI17: 0.035280814 | AK17: 2020 | AL17: S07 | AM17: 0 | AN17: hydro
C18: S08 | E18: 0604h08 | G18: b | I18: elc_spv_001 | J18: S01aH08 | K18: 0 | L18: IMPNRGZ | N18: elc_won_001 | O18: S01aH08 | P18: 0.011854357 | Q18: IMPNRGZ | S18: elc_wof_001 | T18: S01aH08 | U18: 0.01118305 | V18: IMPNRGZ | X18: 0.010616438 | Y18: 0.0051380222 | Z18: S01aH08 | AA18: elc_roadtransport | AC18: elc_buildings | AD18: S01aH08 | AE18: 0.011227685 | AG18: ELC | AH18: S01aH08 | AI18: 0.066865784 | AK18: 2020 | AL18: S08 | AM18: 0 | AN18: hydro
C19: S09 | E19: 0604h09 | G19: b | I19: elc_spv_001 | J19: S02aH01 | K19: 0 | L19: IMPNRGZ | N19: elc_won_001 | O19: S02aH01 | P19: 0.011734982 | Q19: IMPNRGZ | S19: elc_wof_001 | T19: S02aH01 | U19: 0.0084913135 | V19: IMPNRGZ | X19: 0.015981735 | Y19: 0.0024874657 | Z19: S02aH01 | AA19: elc_roadtransport | AC19: elc_buildings | AD19: S02aH01 | AE19: 0.016569502 | AG19: ELC | AH19: S02aH01 | AI19: 0.14998067 | AK19: 2020 | AL19: S09 | AM19: 0 | AN19: hydro
C20: S10 | E20: 0604h10 | G20: b | I20: elc_spv_001 | J20: S02aH02 | K20: 0 | L20: IMPNRGZ | N20: elc_won_001 | O20: S02aH02 | P20: 0.0025275841 | Q20: IMPNRGZ | S20: elc_wof_001 | T20: S02aH02 | U20: 0.0018087043 | V20: IMPNRGZ | X20: 0.003196347 | Y20: 0.0016149964 | Z20: S02aH02 | AA20: elc_roadtransport | AC20: elc_buildings | AD20: S02aH02 | AE20: 0.0036635006 | AG20: ELC | AH20: S02aH02 | AI20: 0.089634676 | AK20: 2020 | AL20: S10 | AM20: 0 | AN20: hydro
C21: S11 | E21: 0604h11 | G21: b | I21: elc_spv_001 | J21: S02aH03 | K21: 0.020491651 | L21: IMPNRGZ | N21: elc_won_001 | O21: S02aH03 | P21: 0.023578226 | Q21: IMPNRGZ | S21: elc_wof_001 | T21: S02aH03 | U21: 0.017919952 | V21: IMPNRGZ | X21: 0.028767123 | Y21: 0.038453621 | Z21: S02aH03 | AA21: elc_roadtransport | AC21: elc_buildings | AD21: S02aH03 | AE21: 0.032669744 | AG21: ELC | AH21: S02aH03 | AI21: 0.064758672 | AK21: 2020 | AL21: S11 | AM21: 0 | AN21: hydro
C22: S12 | E22: 0604h12 | G22: b | I22: elc_spv_001 | J22: S02aH04 | K22: 0.0034699018 | L22: IMPNRGZ | N22: elc_won_001 | O22: S02aH04 | P22: 0.0025927392 | Q22: IMPNRGZ | S22: elc_wof_001 | T22: S02aH04 | U22: 0.0021792842 | V22: IMPNRGZ | X22: 0.003196347 | Y22: 0.004826426 | Z22: S02aH04 | AA22: elc_roadtransport | AC22: elc_buildings | AD22: S02aH04 | AE22: 0.0036733585 | AG22: ELC | AH22: S02aH04 | AI22: 0.01536137 | AK22: 2020 | AL22: S12 | AM22: 0 | AN22: hydro
E23: 0604h13 | G23: b | I23: elc_spv_001 | J23: S02aH05 | K23: 0.003621377 | L23: IMPNRGZ | N23: elc_won_001 | O23: S02aH05 | P23: 0.0077781361 | Q23: IMPNRGZ | S23: elc_wof_001 | T23: S02aH05 | U23: 0.006988494 | V23: IMPNRGZ | X23: 0.0095890411 | Y23: 0.017263755 | Z23: S02aH05 | AA23: elc_roadtransport | AC23: elc_buildings | AD23: S02aH05 | AE23: 0.01102076 | AG23: ELC | AH23: S02aH05 | AI23: 0.034116133 | AK23: 2021 | AL23: S01 | AM23: 0 | AN23: hydro
E24: 0604h14 | G24: b | I24: elc_spv_001 | J24: S02aH06 | K24: 0 | L24: IMPNRGZ | N24: elc_won_001 | O24: S02aH06 | P24: 0.0026011654 | Q24: IMPNRGZ | S24: elc_wof_001 | T24: S02aH06 | U24: 0.0023352065 | V24: IMPNRGZ | X24: 0.003196347 | Y24: 0.0043623466 | Z24: S02aH06 | AA24: elc_roadtransport | AC24: elc_buildings | AD24: S02aH06 | AE24: 0.0036725371 | AG24: ELC | AH24: S02aH06 | AI24: 0.031203649 | AK24: 2021 | AL24: S02 | AM24: 0 | AN24: hydro
E25: 0604h15 | G25: b | I25: elc_spv_001 | J25: S02aH07 | K25: 0 | L25: IMPNRGZ | N25: elc_won_001 | O25: S02aH07 | P25: 0.0025392959 | Q25: IMPNRGZ | S25: elc_wof_001 | T25: S02aH07 | U25: 0.0021585675 | V25: IMPNRGZ | X25: 0.003196347 | Y25: 0.0030629242 | Z25: S02aH07 | AA25: elc_roadtransport | AC25: elc_buildings | AD25: S02aH07 | AE25: 0.0034805814 | AG25: ELC | AH25: S02aH07 | AI25: 0.032536192 | AK25: 2021 | AL25: S03 | AM25: 0 | AN25: hydro
E26: 0604h16 | G26: b | I26: elc_spv_001 | J26: S02aH08 | K26: 0 | L26: IMPNRGZ | N26: elc_won_001 | O26: S02aH08 | P26: 0.0068908228 | Q26: IMPNRGZ | S26: elc_wof_001 | T26: S02aH08 | U26: 0.0061660376 | V26: IMPNRGZ | X26: 0.0095890411 | Y26: 0.0046407942 | Z26: S02aH08 | AA26: elc_roadtransport | AC26: elc_buildings | AD26: S02aH08 | AE26: 0.0099024335 | AG26: ELC | AH26: S02aH08 | AI26: 0.037131262 | AK26: 2021 | AL26: S04 | AM26: 0 | AN26: hydro
E27: 0604h17 | G27: b | I27: elc_spv_001 | J27: S03aH01 | K27: 0 | L27: IMPNRGZ | N27: elc_won_001 | O27: S03aH01 | P27: 0.015186609 | Q27: IMPNRGZ | S27: elc_wof_001 | T27: S03aH01 | U27: 0.017572696 | V27: IMPNRGZ | X27: 0.017694064 | Y27: 0.0027539799 | Z27: S03aH01 | AA27: elc_roadtransport | AC27: elc_buildings | AD27: S03aH01 | AE27: 0.01989855 | AG27: ELC | AH27: S03aH01 | AI27: 0.12607997 | AK27: 2021 | AL27: S05 | AM27: 0 | AN27: hydro
E28: 0604h18 | G28: b | I28: elc_spv_001 | J28: S03aH02 | K28: 0 | L28: IMPNRGZ | N28: elc_won_001 | O28: S03aH02 | P28: 0.002937654 | Q28: IMPNRGZ | S28: elc_wof_001 | T28: S03aH02 | U28: 0.003229243 | V28: IMPNRGZ | X28: 0.0035388128 | Y28: 0.0017880317 | Z28: S03aH02 | AA28: elc_roadtransport | AC28: elc_buildings | AD28: S03aH02 | AE28: 0.0044755362 | AG28: ELC | AH28: S03aH02 | AI28: 0.069468974 | AK28: 2021 | AL28: S06 | AM28: 0 | AN28: hydro
E29: 0604h19 | G29: b | I29: elc_spv_001 | J29: S03aH03 | K29: 0.07826713 | L29: IMPNRGZ | N29: elc_won_001 | O29: S03aH03 | P29: 0.028118785 | Q29: IMPNRGZ | S29: elc_wof_001 | T29: S03aH03 | U29: 0.026520504 | V29: IMPNRGZ | X29: 0.031849315 | Y29: 0.042573652 | Z29: S03aH03 | AA29: elc_roadtransport | AC29: elc_buildings | AD29: S03aH03 | AE29: 0.040617049 | AG29: ELC | AH29: S03aH03 | AI29: 0.083655706 | AK29: 2021 | AL29: S07 | AM29: 0 | AN29: hydro
E30: 0604h20 | G30: b | I30: elc_spv_001 | J30: S03aH04 | K30: 0.012311101 | L30: IMPNRGZ | N30: elc_won_001 | O30: S03aH04 | P30: 0.0035565486 | Q30: IMPNRGZ | S30: elc_wof_001 | T30: S03aH04 | U30: 0.0032810454 | V30: IMPNRGZ | X30: 0.0035388128 | Y30: 0.0053435431 | Z30: S03aH04 | AA30: elc_roadtransport | AC30: elc_buildings | AD30: S03aH04 | AE30: 0.0047067867 | AG30: ELC | AH30: S03aH04 | AI30: 0.041196721 | AK30: 2021 | AL30: S08 | AM30: 0 | AN30: hydro
E31: 0604h21 | G31: b | I31: elc_spv_001 | J31: S03aH05 | K31: 0.023495211 | L31: IMPNRGZ | N31: elc_won_001 | O31: S03aH05 | P31: 0.011349098 | Q31: IMPNRGZ | S31: elc_wof_001 | T31: S03aH05 | U31: 0.011256697 | V31: IMPNRGZ | X31: 0.010616438 | Y31: 0.019113443 | Z31: S03aH05 | AA31: elc_roadtransport | AC31: elc_buildings | AD31: S03aH05 | AE31: 0.014151577 | AG31: ELC | AH31: S03aH05 | AI31: 0.053425277 | AK31: 2021 | AL31: S09 | AM31: 0 | AN31: hydro
E32: 0604h22 | G32: b | I32: elc_spv_001 | J32: S03aH06 | K32: 0.00032923404 | L32: IMPNRGZ | N32: elc_won_001 | O32: S03aH06 | P32: 0.0039255777 | Q32: IMPNRGZ | S32: elc_wof_001 | T32: S03aH06 | U32: 0.0041535234 | V32: IMPNRGZ | X32: 0.0035388128 | Y32: 0.0048297409 | Z32: S03aH06 | AA32: elc_roadtransport | AC32: elc_buildings | AD32: S03aH06 | AE32: 0.0044701965 | AG32: ELC | AH32: S03aH06 | AI32: 0.041224721 | AK32: 2021 | AL32: S10 | AM32: 0 | AN32: hydro
E33: 0604h23 | G33: b | I33: elc_spv_001 | J33: S03aH07 | K33: 0 | L33: IMPNRGZ | N33: elc_won_001 | O33: S03aH07 | P33: 0.0037710678 | Q33: IMPNRGZ | S33: elc_wof_001 | T33: S03aH07 | U33: 0.0041907996 | V33: IMPNRGZ | X33: 0.0035388128 | Y33: 0.0033910946 | Z33: S03aH07 | AA33: elc_roadtransport | AC33: elc_buildings | AD33: S03aH07 | AE33: 0.0042570189 | AG33: ELC | AH33: S03aH07 | AI33: 0.03538134 | AK33: 2021 | AL33: S11 | AM33: 0 | AN33: hydro
E34: 0604h24 | G34: b | I34: elc_spv_001 | J34: S03aH08 | K34: 0 | L34: IMPNRGZ | N34: elc_won_001 | O34: S03aH08 | P34: 0.010087585 | Q34: IMPNRGZ | S34: elc_wof_001 | T34: S03aH08 | U34: 0.01156926 | V34: IMPNRGZ | X34: 0.010616438 | Y34: 0.0051380222 | Z34: S03aH08 | AA34: elc_roadtransport | AC34: elc_buildings | AD34: S03aH08 | AE34: 0.01179033 | AG34: ELC | AH34: S03aH08 | AI34: 0.046455424 | AK34: 2021 | AL34: S12 | AM34: 0 | AN34: hydro
... E46: 0605h12 | G46: b | I46: elc_spv_001 | J46: S05aH04 | K46: 0.012703255 | L46: IMPNRGZ | N46: elc_won_001 | O46: S05aH04 | P46: 0.0029861744 | Q46: IMPNRGZ | S46: elc_wof_001 | T46: S05aH04 | U46: 0.0028339328 | V46: IMPNRGZ | X46: 0.0035388128 | Y46: 0.0053435431 | Z46: S05aH04 | AA46: elc_roadtransport | AC46: elc_buildings | AD46: S05aH04 | AE46: 0.003525562 | AG46: ELC | AH46: S05aH04 | AI46: 0.051685079 | AK46: 2022 | AL46: S12 | AM46: 0 | AN46: hydro
E47: 0605h13 | G47: b | I47: elc_spv_001 | J47: S05aH05 | K47: 0.029488665 | L47: IMPNRGZ | N47: elc_won_001 | O47: S05aH05 | P47: 0.0091931536 | Q47: IMPNRGZ | S47: elc_wof_001 | T47: S05aH05 | U47: 0.0087481318 | V47: IMPNRGZ | X47: 0.010616438 | Y47: 0.019113443 | Z47: S05aH05 | AA47: elc_roadtransport | AC47: elc_buildings | AD47: S05aH05 | AE47: 0.010434294 | AG47: ELC | AH47: S05aH05 | AI47: 0.060230643
E48: 0605h14 | G48: b | I48: elc_spv_001 | J48: S05aH06 | K48: 0.0058507393 | L48: IMPNRGZ | N48: elc_won_001 | O48: S05aH06 | P48: 0.0030969055 | Q48: IMPNRGZ | S48: elc_wof_001 | T48: S05aH06 | U48: 0.002955828 | V48: IMPNRGZ | X48: 0.0035388128 | Y48: 0.0048297409 | Z48: S05aH06 | AA48: elc_roadtransport | AC48: elc_buildings | AD48: S05aH06 | AE48: 0.0032923947 | AG48: ELC | AH48: S05aH06 | AI48: 0.025989663
E49: 0605h15 | G49: b | I49: elc_spv_001 | J49: S05aH07 | K49: 0.0029766667 | L49: IMPNRGZ | N49: elc_won_001 | O49: S05aH07 | P49: 0.0030856968 | Q49: IMPNRGZ | S49: elc_wof_001 | T49: S05aH07 | U49: 0.0028704854 | V49: IMPNRGZ | X49: 0.0035388128 | Y49: 0.0033910946 | Z49: S05aH07 | AA49: elc_roadtransport | AC49: elc_buildings | AD49: S05aH07 | AE49: 0.0031417875 | AG49: ELC | AH49: S05aH07 | AI49: 0.048949988
E50: 0605h16 | G50: b | I50: elc_spv_001 | J50: S05aH08 | K50: 0.00029388975 | L50: IMPNRGZ | N50: elc_won_001 | O50: S05aH08 | P50: 0.0091450616 | Q50: IMPNRGZ | S50: elc_wof_001 | T50: S05aH08 | U50: 0.0086902958 | V50: IMPNRGZ | X50: 0.010616438 | Y50: 0.0051380222 | Z50: S05aH08 | AA50: elc_roadtransport | AC50: elc_buildings | AD50: S05aH08 | AE50: 0.0077096731 | AG50: ELC | AH50: S05aH08 | AI50: 0.10425717
E51: 0605h17 | G51: b | I51: elc_spv_001 | J51: S06aH01 | K51: 0.0007411391 | L51: IMPNRGZ | N51: elc_won_001 | O51: S06aH01 | P51: 0.010991366 | Q51: IMPNRGZ | S51: elc_wof_001 | T51: S06aH01 | U51: 0.0097964369 | V51: IMPNRGZ | X51: 0.013127854 | Y51: 0.0020432754 | Z51: S06aH01 | AA51: elc_roadtransport | AC51: elc_buildings | AD51: S06aH01 | AE51: 0.0086881681 | AG51: ELC | AH51: S06aH01 | AI51: 0.19765477
E52: 0605h18 | G52: b | I52: elc_spv_001 | J52: S06aH02 | K52: 0.0023240737 | L52: IMPNRGZ | N52: elc_won_001 | O52: S06aH02 | P52: 0.0020104711 | Q52: IMPNRGZ | S52: elc_wof_001 | T52: S06aH02 | U52: 0.0015772237 | V52: IMPNRGZ | X52: 0.0026255708 | Y52: 0.0013266042 | Z52: S06aH02 | AA52: elc_roadtransport | AC52: elc_buildings | AD52: S06aH02 | AE52: 0.0023667608 | AG52: ELC | AH52: S06aH02 | AI52: 0.10994701
E53: 0605h19 | G53: b | I53: elc_spv_001 | J53: S06aH03 | K53: 0.067895389 | L53: IMPNRGZ | N53: elc_won_001 | O53: S06aH03 | P53: 0.01848082 | Q53: IMPNRGZ | S53: elc_wof_001 | T53: S06aH03 | U53: 0.012581409 | V53: IMPNRGZ | X53: 0.023630137 | Y53: 0.031586903 | Z53: S06aH03 | AA53: elc_roadtransport | AC53: elc_buildings | AD53: S06aH03 | AE53: 0.023818589 | AG53: ELC | AH53: S06aH03 | AI53: 0.14036566
E54: 0605h20 | G54: b | I54: elc_spv_001 | J54: S06aH04 | K54: 0.0081771872 | L54: IMPNRGZ | N54: elc_won_001 | O54: S06aH04 | P54: 0.002238315 | Q54: IMPNRGZ | S54: elc_wof_001 | T54: S06aH04 | U54: 0.0016365948 | V54: IMPNRGZ | X54: 0.0026255708 | Y54: 0.0039645642 | Z54: S06aH04 | AA54: elc_roadtransport | AC54: elc_buildings | AD54: S06aH04 | AE54: 0.0026470271 | AG54: ELC | AH54: S06aH04 | AI54: 0.10841303
E55: 0605h21 | G55: b | I55: elc_spv_001 | J55: S06aH05 | K55: 0.020533441 | L55: IMPNRGZ | N55: elc_won_001 | O55: S06aH05 | P55: 0.006467315 | Q55: IMPNRGZ | S55: elc_wof_001 | T55: S06aH05 | U55: 0.0049517971 | V55: IMPNRGZ | X55: 0.0078767123 | Y55: 0.014180941 | Z55: S06aH05 | AA55: elc_roadtransport | AC55: elc_buildings | AD55: S06aH05 | AE55: 0.007749947 | AG55: ELC | AH55: S06aH05 | AI55: 0.11490597
E56: 0605h22 | G56: b | I56: elc_spv_001 | J56: S06aH06 | K56: 0.0039521781 | L56: IMPNRGZ | N56: elc_won_001 | O56: S06aH06 | P56: 0.0020716093 | Q56: IMPNRGZ | S56: elc_wof_001 | T56: S06aH06 | U56: 0.0015613883 | V56: IMPNRGZ | X56: 0.0026255708 | Y56: 0.0035833561 | Z56: S06aH06 | AA56: elc_roadtransport | AC56: elc_buildings | AD56: S06aH06 | AE56: 0.0024779363 | AG56: ELC | AH56: S06aH06 | AI56: 0.063838954
E57: 0605h23 | G57: b | I57: elc_spv_001 | J57: S06aH07 | K57: 0.0026427823 | L57: IMPNRGZ | N57: elc_won_001 | O57: S06aH07 | P57: 0.0020622145 | Q57: IMPNRGZ | S57: elc_wof_001 | T57: S06aH07 | U57: 0.0016634276 | V57: IMPNRGZ | X57: 0.0026255708 | Y57: 0.0025159734 | Z57: S06aH07 | AA57: elc_roadtransport | AC57: elc_buildings | AD57: S06aH07 | AE57: 0.0022866652 | AG57: ELC | AH57: S06aH07 | AI57: 0.071097116
E58: 0605h24 | G58: b | I58: elc_spv_001 | J58: S06aH08 | K58: 0.0012460046 | L58: IMPNRGZ | N58: elc_won_001 | O58: S06aH08 | P58: 0.0064532933 | Q58: IMPNRGZ | S58: elc_wof_001 | T58: S06aH08 | U58: 0.0054992661 | V58: IMPNRGZ | X58: 0.0078767123 | Y58: 0.003812081 | Z58: S06aH08 | AA58: elc_roadtransport | AC58: elc_buildings | AD58: S06aH08 | AE58: 0.0053202427 | AG58: ELC | AH58: S06aH08 | AI58: 0.083025408
... E402: H08 | G402: a | I402: elc_spv_001 | J402: S08c0826h16 | K402: 0.00039676629 | L402: IMPNRGZ | N402: elc_won_001 | O402: S08c0826h16 | P402: 1.597054e-05 | Q402: IMPNRGZ | S402: elc_wof_001 | T402: S08c0826h16 | U402: 0 | V402: IMPNRGZ | X402: 0.00011415525 | Y402: 0.00017237236 | Z402: S08c0826h16 | AA402: elc_roadtransport | AC402: elc_buildings | AD402: S08c0826h16 | AE402: 0.00011894902 | AG402: ELC | AH402: S08c0826h16 | AI402: 0
I403: elc_spv_001 | J403: S08c0826h17 | K403: 0.00039205763 | L403: IMPNRGZ | N403: elc_won_001 | O403: S08c0826h17 | P403: 1.6419683e-05 | Q403: IMPNRGZ | S403: elc_wof_001 | T403: S08c0826h17 | U403: 0 | V403: IMPNRGZ | X403: 0.00011415525 | Y403: 0.00022209515 | Z403: S08c0826h17 | AA403: elc_roadtransport | AC403: elc_buildings | AD403: S08c0826h17 | AE403: 0.00011840136 | AG403: ELC | AH403: S08c0826h17 | AI403: 0
I404: elc_spv_001 | J404: S08c0826h18 | K404: 0.00034559986 | L404: IMPNRGZ | N404: elc_won_001 | O404: S08c0826h18 | P404: 1.5819134e-05 | Q404: IMPNRGZ | S404: elc_wof_001 | T404: S08c0826h18 | U404: 8.3949201e-08 | V404: IMPNRGZ | X404: 0.00011415525 | Y404: 0.00022209515 | Z404: S08c0826h18 | AA404: elc_roadtransport | AC404: elc_buildings | AD404: S08c0826h18 | AE404: 0.00011292474 | AG404: ELC | AH404: S08c0826h18 | AI404: 0
I405: elc_spv_001 | J405: S08c0826h19 | K405: 0.00027108499 | L405: IMPNRGZ | N405: elc_won_001 | O405: S08c0826h19 | P405: 1.7847474e-05 | Q405: IMPNRGZ | S405: elc_wof_001 | T405: S08c0826h19 | U405: 2.8614502e-07 | V405: IMPNRGZ | X405: 0.00011415525 | Y405: 0.00017237236 | Z405: S08c0826h19 | AA405: elc_roadtransport | AC405: elc_buildings | AD405: S08c0826h19 | AE405: 0.00011402006 | AG405: ELC | AH405: S08c0826h19 | AI405: 0
I406: elc_spv_001 | J406: S08c0826h20 | K406: 0.00017331031 | L406: IMPNRGZ | N406: elc_won_001 | O406: S08c0826h20 | P406: 1.6038831e-05 | Q406: IMPNRGZ | S406: elc_wof_001 | T406: S08c0826h20 | U406: 3.6638492e-07 | V406: IMPNRGZ | X406: 0.00011415525 | Y406: 0.00015579809 | Z406: S08c0826h20 | AA406: elc_roadtransport | AC406: elc_buildings | AD406: S08c0826h20 | AE406: 0.0001073112 | AG406: ELC | AH406: S08c0826h20 | AI406: 0
I407: elc_spv_001 | J407: S08c0826h21 | K407: 0 | L407: IMPNRGZ | N407: elc_won_001 | O407: S08c0826h21 | P407: 1.1623164e-05 | Q407: IMPNRGZ | S407: elc_wof_001 | T407: S08c0826h21 | U407: 2.7270512e-07 | V407: IMPNRGZ | X407: 0.00011415525 | Y407: 0.00010939015 | Z407: S08c0826h21 | AA407: elc_roadtransport | AC407: elc_buildings | AD407: S08c0826h21 | AE407: 9.9370091e-05 | AG407: ELC | AH407: S08c0826h21 | AI407: 0
I408: elc_spv_001 | J408: S08c0826h22 | K408: 0 | L408: IMPNRGZ | N408: elc_won_001 | O408: S08c0826h22 | P408: 6.5178109e-06 | Q408: IMPNRGZ | S408: elc_wof_001 | T408: S08c0826h22 | U408: 1.4809717e-07 | V408: IMPNRGZ | X408: 0.00011415525 | Y408: 7.9556473e-05 | Z408: S08c0826h22 | AA408: elc_roadtransport | AC408: elc_buildings | AD408: S08c0826h22 | AE408: 8.1844893e-05 | AG408: ELC | AH408: S08c0826h22 | AI408: 0
I409: elc_spv_001 | J409: S08c0826h23 | K409: 0 | L409: IMPNRGZ | N409: elc_won_001 | O409: S08c0826h23 | P409: 2.6714455e-06 | Q409: IMPNRGZ | S409: elc_wof_001 | T409: S08c0826h23 | U409: 6.2753887e-07 | V409: IMPNRGZ | X409: 0.00011415525 | Y409: 5.6352501e-05 | Z409: S08c0826h23 | AA409: elc_roadtransport | AC409: elc_buildings | AD409: S08c0826h23 | AE409: 7.7189762e-05 | AG409: ELC | AH409: S08c0826h23 | AI409: 0
I410: elc_spv_001 | J410: S08c0826h24 | K410: 0 | L410: IMPNRGZ | N410: elc_won_001 | O410: S08c0826h24 | P410: 1.1500817e-06 | Q410: IMPNRGZ | S410: elc_wof_001 | T410: S08c0826h24 | U410: 4.4897249e-06 | V410: IMPNRGZ | X410: 0.00011415525 | Y410: 2.9833677e-05 | Z410: S08c0826h24 | AA410: elc_roadtransport | AC410: elc_buildings | AD410: S08c0826h24 | AE410: 7.2808463e-05 | AG410: ELC | AH410: S08c0826h24 | AI410: 0
I411: elc_spv_001 | J411: S09aH01 | K411: 0 | L411: IMPNRGZ | N411: elc_won_001 | O411: S09aH01 | P411: 0.013414713 | Q411: IMPNRGZ | S411: elc_wof_001 | T411: S09aH01 | U411: 0.01223113 | V411: IMPNRGZ | X411: 0.017123288 | Y411: 0.0026651418 | Z411: S09aH01 | AA411: elc_roadtransport | AC411: elc_buildings | AD411: S09aH01 | AE411: 0.012479407 | AG411: ELC | AH411: S09aH01 | AI411: 0.18108544
I412: elc_spv_001 | J412: S09aH02 | K412: 0 | L412: IMPNRGZ | N412: elc_won_001 | O412: S09aH02 | P412: 0.0027423572 | Q412: IMPNRGZ | S412: elc_wof_001 | T412: S09aH02 | U412: 0.0025414473 | V412: IMPNRGZ | X412: 0.0034246575 | Y412: 0.0017303533 | Z412: S09aH02 | AA412: elc_roadtransport | AC412: elc_buildings | AD412: S09aH02 | AE412: 0.003208527 | AG412: ELC | AH412: S09aH02 | AI412: 0.064311594
I413: elc_spv_001 | J413: S09aH03 | K413: 0.064345262 | L413: IMPNRGZ | N413: elc_won_001 | O413: S09aH03 | P413: 0.02414757 | Q413: IMPNRGZ | S413: elc_wof_001 | T413: S09aH03 | U413: 0.017622547 | V413: IMPNRGZ | X413: 0.030821918 | Y413: 0.041200308 | Z413: S09aH03 | AA413: elc_roadtransport | AC413: elc_buildings | AD413: S09aH03 | AE413: 0.030837512 | AG413: ELC | AH413: S09aH03 | AI413: 0.070835241
I414: elc_spv_001 | J414: S09aH04 | K414: 0.0089574471 | L414: IMPNRGZ | N414: elc_won_001 | O414: S09aH04 | P414: 0.0025723417 | Q414: IMPNRGZ | S414: elc_wof_001 | T414: S09aH04 | U414: 0.0018897335 | V414: IMPNRGZ | X414: 0.0034246575 | Y414: 0.0051711707 | Z414: S09aH04 | AA414: elc_roadtransport | AC414: elc_buildings | AD414: S09aH04 | AE414: 0.0033954169 | AG414: ELC | AH414: S09aH04 | AI414: 0.0630709
... I490: elc_spv_001 | J490: S12e1225h24 | K490: 0 | L490: IMPNRGZ | N490: elc_won_001 | O490: S12e1225h24 | P490: 0.00023551287 | Q490: IMPNRGZ | S490: elc_wof_001 | T490: S12e1225h24 | U490: 0.00037531262 | V490: IMPNRGZ | X490: 0.00011415525 | Y490: 2.9833677e-05 | Z490: S12e1225h24 | AA490: elc_roadtransport | AC490: elc_buildings | AD490: S12e1225h24 | AE490: 0.00010594092 | AG490: ELC | AH490: S12e1225h24 | AI490: 0
I491: elc_spv_002 | J491: S01aH01 | K491: 0 | L491: IMPNRGZ | N491: elc_won_002 | O491: S01aH01 | P491: 0.019871127 | Q491: IMPNRGZ | S491: elc_wof_002 | T491: S01aH01 | U491: 0.02082052 | V491: IMPNRGZ | AC491: elc_industry | AD491: S01aH01 | AE491: 0.01757344
I492: elc_spv_002 | J492: S01aH02 | K492: 0 | L492: IMPNRGZ | N492: elc_won_002 | O492: S01aH02 | P492: 0.0042074733 | Q492: IMPNRGZ | S492: elc_wof_002 | T492: S01aH02 | U492: 0.0040598856 | V492: IMPNRGZ | AC492: elc_industry | AD492: S01aH02 | AE492: 0.0035490305
I493: elc_spv_002 | J493: S01aH03 | K493: 0.0091387691 | L493: IMPNRGZ | N493: elc_won_002 | O493: S01aH03 | P493: 0.038299052 | Q493: IMPNRGZ | S493: elc_wof_002 | T493: S01aH03 | U493: 0.037312877 | V493: IMPNRGZ | AC493: elc_industry | AD493: S01aH03 | AE493: 0.032008138
I494: elc_spv_002 | J494: S01aH04 | K494: 0.0015057382 | L494: IMPNRGZ | N494: elc_won_002 | O494: S01aH04 | P494: 0.0042831615 | Q494: IMPNRGZ | S494: elc_wof_002 | T494: S01aH04 | U494: 0.0043195157 | V494: IMPNRGZ | AC494: elc_industry | AD494: S01aH04 | AE494: 0.0035595926
I495: elc_spv_002 | J495: S01aH05 | K495: 0.00067621095 | L495: IMPNRGZ | N495: elc_won_002 | O495: S01aH05 | P495: 0.013048805 | Q495: IMPNRGZ | S495: elc_wof_002 | T495: S01aH05 | U495: 0.012383258 | V495: IMPNRGZ | AC495: elc_industry | AD495: S01aH05 | AE495: 0.010678471
I496: elc_spv_002 | J496: S01aH06 | K496: 0 | L496: IMPNRGZ | N496: elc_won_002 | O496: S01aH06 | P496: 0.004312985 | Q496: IMPNRGZ | S496: elc_wof_002 | T496: S01aH06 | U496: 0.0040163311 | V496: IMPNRGZ | AC496: elc_industry | AD496: S01aH06 | AE496: 0.0035562895
I497: elc_spv_002 | J497: S01aH07 | K497: 0 | L497: IMPNRGZ | N497: elc_won_002 | O497: S01aH07 | P497: 0.0042309566 | Q497: IMPNRGZ | S497: elc_wof_002 | T497: S01aH07 | U497: 0.0039668818 | V497: IMPNRGZ | AC497: elc_industry | AD497: S01aH07 | AE497: 0.0035440857
I498: elc_spv_002 | J498: S01aH08 | K498: 0 | L498: IMPNRGZ | N498: elc_won_002 | O498: S01aH08 | P498: 0.011810072 | Q498: IMPNRGZ | S498: elc_wof_002 | T498: S01aH08 | U498: 0.011702314 | V498: IMPNRGZ | AC498: elc_industry | AD498: S01aH08 | AE498: 0.010554199
I499: elc_spv_002 | J499: S02aH01 | K499: 0 | L499: IMPNRGZ | N499: elc_won_002 | O499: S02aH01 | P499: 0.012337554 | Q499: IMPNRGZ | S499: elc_wof_002 | T499: S02aH01 | U499: 0.0094007239 | V499: IMPNRGZ | AC499: elc_industry | AD499: S02aH01 | AE499: 0.015916332
I500: elc_spv_002 | J500: S02aH02 | K500: 0 | L500: IMPNRGZ | N500: elc_won_002 | O500: S02aH02 | P500: 0.0027921167 | Q500: IMPNRGZ | S500: elc_wof_002 | T500: S02aH02 | U500: 0.0021052257 | V500: IMPNRGZ | AC500: elc_industry | AD500: S02aH02 | AE500: 0.0032085185
I501: elc_spv_002 | J501: S02aH03 | K501: 0.022419035 | L501: IMPNRGZ | N501: elc_won_002 | O501: S02aH03 | P501: 0.024521323 | Q501: IMPNRGZ | S501: elc_wof_002 | T501: S02aH03 | U501: 0.019821155 | V501: IMPNRGZ | AC501: elc_industry | AD501: S02aH03 | AE501: 0.02885487
I502: elc_spv_002 | J502: S02aH04 | K502: 0.0041666017 | L502: IMPNRGZ | N502: elc_won_002 | O502: S02aH04 | P502: 0.0024746282 | Q502: IMPNRGZ | S502: elc_wof_002 | T502: S02aH04 | U502: 0.0023802602 | V502: IMPNRGZ | AC502: elc_industry | AD502: S02aH04 | AE502: 0.0032092305
... I970: elc_spv_002 | J970: S12e1225h24 | K970: 0 | L970: IMPNRGZ | N970: elc_won_002 | O970: S12e1225h24 | P970: 0.00026136069 | Q970: IMPNRGZ | S970: elc_wof_002 | T970: S12e1225h24 | U970: 0.0003210231 | V970: IMPNRGZ | AC970: elc_industry | AD970: S12e1225h24 | AE970: 0.00011313205
I971: elc_spv_003 | J971: S01aH01 | K971: 0 | L971: IMPNRGZ | N971: elc_won_003 | O971: S01aH01 | P971: 0.020134161 | Q971: IMPNRGZ | S971: elc_wof_003 | T971: S01aH01 | U971: 0.020569069 | V971: IMPNRGZ
I972: elc_spv_003 | J972: S01aH02 | K972: 0 | L972: IMPNRGZ | N972: elc_won_003 | O972: S01aH02 | P972: 0.0041494001 | Q972: IMPNRGZ | S972: elc_wof_003 | T972: S01aH02 | U972: 0.0044819093 | V972: IMPNRGZ
I973: elc_spv_003 | J973: S01aH03 | K973: 0.0096951243 | L973: IMPNRGZ | N973: elc_won_003 | O973: S01aH03 | P973: 0.036792741 | Q973: IMPNRGZ | S973: elc_wof_003 | T973: S01aH03 | U973: 0.037054893 | V973: IMPNRGZ
I974: elc_spv_003 | J974: S01aH04 | K974: 0.0016206837 | L974: IMPNRGZ | N974: elc_won_003 | O974: S01aH04 | P974: 0.0041081273 | Q974: IMPNRGZ | S974: elc_wof_003 | T974: S01aH04 | U974: 0.003984741 | V974: IMPNRGZ
I975: elc_spv_003 | J975: S01aH05 | K975: 0.00080381376 | L975: IMPNRGZ | N975: elc_won_003 | O975: S01aH05 | P975: 0.012275687 | Q975: IMPNRGZ | S975: elc_wof_003 | T975: S01aH05 | U975: 0.01231252 | V975: IMPNRGZ
I976: elc_spv_003 | J976: S01aH06 | K976: 0 | L976: IMPNRGZ | N976: elc_won_003 | O976: S01aH06 | P976: 0.0040283984 | Q976: IMPNRGZ | S976: elc_wof_003 | T976: S01aH06 | U976: 0.00405312 | V976: IMPNRGZ
I977: elc_spv_003 | J977: S01aH07 | K977: 0 | L977: IMPNRGZ | N977: elc_won_003 | O977: S01aH07 | P977: 0.0039765487 | Q977: IMPNRGZ | S977: elc_wof_003 | T977: S01aH07 | U977: 0.0038909104 | V977: IMPNRGZ
I978: elc_spv_003 | J978: S01aH08 | K978: 0 | L978: IMPNRGZ | N978: elc_won_003 | O978: S01aH08 | P978: 0.011757888 | Q978: IMPNRGZ | S978: elc_wof_003 | T978: S01aH08 | U978: 0.011318183 | V978: IMPNRGZ
I979: elc_spv_003 | J979: S02aH01 | K979: 0 | L979: IMPNRGZ | N979: elc_won_003 | O979: S02aH01 | P979: 0.012792626 | Q979: IMPNRGZ | S979: elc_wof_003 | T979: S02aH01 | U979: 0.0086040445 | V979: IMPNRGZ
I980: elc_spv_003 | J980: S02aH02 | K980: 0 | L980: IMPNRGZ | N980: elc_won_003 | O980: S02aH02 | P980: 0.0027132649 | Q980: IMPNRGZ | S980: elc_wof_003 | T980: S02aH02 | U980: 0.0016122892 | V980: IMPNRGZ
I981: elc_spv_003 | J981: S02aH03 | K981: 0.024719183 | L981: IMPNRGZ | N981: elc_won_003 | O981: S02aH03 | P981: 0.024801468 | Q981: IMPNRGZ | S981: elc_wof_003 | T981: S02aH03 | U981: 0.016782999 | V981: IMPNRGZ
I982: elc_spv_003 | J982: S02aH04 | K982: 0.0045558377 | L982: IMPNRGZ | N982: elc_won_003 | O982: S02aH04 | P982: 0.0026950742 | Q982: IMPNRGZ | S982: elc_wof_003 | T982: S02aH04 | U982: 0.0020071945 | V982: IMPNRGZ
... I4810: elc_spv_010 | J4810: S12e1225h24 | K4810: 0 | L4810: IMPNRGZ | N4810: elc_won_010 | O4810: S12e1225h24 | P4810: 0.00032801553 | Q4810: IMPNRGZ | S4810: elc_wof_010 | T4810: S12e1225h24 | U4810: 0.00025161721 | V4810: IMPNRGZ

Sheet ts_012
C9: =IF(A11="x","DeActivated","~TimeSlices") -> DeActivated | I9: =IF(A11="x","DeActivated","~TFM_DINS-AT") -> DeActivated | N9: =IF(A11="x","DeActivated","~TFM_DINS-AT") -> DeActivated | S9: =IF(A11="x","DeActivated","~TFM_DINS-AT") -> DeActivated | X9: =IF(A11="x","DeActivated","~TFM_DINS-AT") -> DeActivated | AC9: =IF(A11="x","DeActivated","~TFM_DINS-AT") -> DeActivated | AG9: =IF(A11="x","DeActivated","~TFM_DINS-AT") -> DeActivated | AK9: =IF(A11="x","DeActivated","~TFM_INS-AT") -> DeActivated
A10: ts_012 | C10: season | D10: weekly | E10: daynite | F10: wparent | G10: dparent | I10: commodity | J10: timeslice | K10: com_fr | L10: process | N10: commodity | O10: timeslice | P10: com_fr | Q10: process | S10: commodity | T10: timeslice | U10: com_fr | V10: process | X10: g_yrfr | Y10: com_fr | Z10: timeslice | AA10: commodity | AC10: commodity | AD10: timeslice | AE10: com_fr | AG10: commodity | AH10: timeslice | AI10: com_pkflx | AK10: Year | AL10: timeslice | AM10: ncap_afs | AN10: pset_ci
A11: =IFERROR(IF(Veda!D5=A10,"ok","x"),"") -> x | C11: S01 | D11: a | E11: H01 | F11: S01,S02,S03 | G11: a | I11: elc_spv_001 | J11: S01aH01 | K11: 0.21943089 | L11: IMPNRGZ | N11: elc_won_001 | O11: S01aH01 | P11: 0.21964467 | Q11: IMPNRGZ | S11: elc_wof_001 | T11: S01aH01 | U11: 0.20898045 | V11: IMPNRGZ | X11: 0.21917808 | Y11: 0.2030679 | Z11: S01aH01 | AA11: elc_roadtransport | AC11: elc_buildings | AD11: S01aH01 | AE11: 0.25058078 | AG11: ELC | AH11: S01aH01 | AI11: 0.17573907 | AK11: 2020 | AL11: S01 | AM11: 0 | AN11: hydro
C12: S02 | E12: H02 | G12: a | I12: elc_spv_001 | J12: S01aH02 | K12: 0.057086093 | L12: IMPNRGZ | N12: elc_won_001 | O12: S01aH02 | P12: 0.072267991 | Q12: IMPNRGZ | S12: elc_wof_001 | T12: S01aH02 | U12: 0.072549932 | V12: IMPNRGZ | X12: 0.068493151 | Y12: 0.10581011 | Z12: S01aH02 | AA12: elc_roadtransport | AC12: elc_buildings | AD12: S01aH02 | AE12: 0.080459621 | AG12: ELC | AH12: S01aH02 | AI12: 0.15891742 | AK12: 2020 | AL12: S02 | AM12: 0 | AN12: hydro
C13: S03 | E13: H03 | G13: a | I13: elc_spv_001 | J13: S01aH03 | K13: 0 | L13: IMPNRGZ | N13: elc_won_001 | O13: S01aH03 | P13: 0.040749522 | Q13: IMPNRGZ | S13: elc_wof_001 | T13: S01aH03 | U13: 0.04134521 | V13: IMPNRGZ | X13: 0.04109589 | Y13: 0.019889118 | Z13: S01aH03 | AA13: elc_roadtransport | AC13: elc_buildings | AD13: S01aH03 | AE13: 0.042440977 | AG13: ELC | AH13: S01aH03 | AI13: 0.10222784 | AK13: 2020 | AL13: S03 | AM13: 0 | AN13: hydro
I14: elc_spv_001 | J14: S02aH01 | K14: 0.49507916 | L14: IMPNRGZ | N14: elc_won_001 | O14: S02aH01 | P14: 0.20648212 | Q14: IMPNRGZ | S14: elc_wof_001 | T14: S02aH01 | U14: 0.16912352 | V14: IMPNRGZ | X14: 0.27945205 | Y14: 0.25891157 | Z14: S02aH01 | AA14: elc_roadtransport | AC14: elc_buildings | AD14: S02aH01 | AE14: 0.25319783 | AG14: ELC | AH14: S02aH01 | AI14: 0.23048299 | AK14: 2021 | AL14: S01 | AM14: 0 | AN14: hydro
I15: elc_spv_001 | J15: S02aH02 | K15: 0.16771802 | L15: IMPNRGZ | N15: elc_won_001 | O15: S02aH02 | P15: 0.069272482 | Q15: IMPNRGZ | S15: elc_wof_001 | T15: S02aH02 | U15: 0.057369498 | V15: IMPNRGZ | X15: 0.087328767 | Y15: 0.13490789 | Z15: S02aH02 | AA15: elc_roadtransport | AC15: elc_buildings | AD15: S02aH02 | AE15: 0.083441911 | AG15: ELC | AH15: S02aH02 | AI15: 0.16642539 | AK15: 2021 | AL15: S02 | AM15: 0 | AN15: hydro
I16: elc_spv_001 | J16: S02aH03 | K16: 0.0038078933 | L16: IMPNRGZ | N16: elc_won_001 | O16: S02aH03 | P16: 0.041024733 | Q16: IMPNRGZ | S16: elc_wof_001 | T16: S02aH03 | U16: 0.038689245 | V16: IMPNRGZ | X16: 0.05239726 | Y16: 0.025358626 | Z16: S02aH03 | AA16: elc_roadtransport | AC16: elc_buildings | AD16: S02aH03 | AE16: 0.036521866 | AG16: ELC | AH16: S02aH03 | AI16: 0.15245767 | AK16: 2021 | AL16: S03 | AM16: 0 | AN16: hydro
I17: elc_spv_001 | J17: S03aH01 | K17: 0.05178876 | L17: IMPNRGZ | N17: elc_won_001 | O17: S03aH01 | P17: 0.23081935 | Q17: IMPNRGZ | S17: elc_wof_001 | T17: S03aH01 | U17: 0.26924749 | V17: IMPNRGZ | X17: 0.16803653 | Y17: 0.15568539 | Z17: S03aH01 | AA17: elc_roadtransport | AC17: elc_buildings | AD17: S03aH01 | AE17: 0.16996838 | AG17: ELC | AH17: S03aH01 | AI17: 0.12565621 | AK17: 2022 | AL17: S01 | AM17: 0 | AN17: hydro
I18: elc_spv_001 | J18: S03aH02 | K18: 0.005089177 | L18: IMPNRGZ | N18: elc_won_001 | O18: S03aH02 | P18: 0.074737424 | Q18: IMPNRGZ | S18: elc_wof_001 | T18: S03aH02 | U18: 0.088430433 | V18: IMPNRGZ | X18: 0.052511416 | Y18: 0.081121083 | Z18: S03aH02 | AA18: elc_roadtransport | AC18: elc_buildings | AD18: S03aH02 | AE18: 0.055379402 | AG18: ELC | AH18: S03aH02 | AI18: 0.068584993 | AK18: 2022 | AL18: S02 | AM18: 0 | AN18: hydro
I19: elc_spv_001 | J19: S03aH03 | K19: 0 | L19: IMPNRGZ | N19: elc_won_001 | O19: S03aH03 | P19: 0.045001702 | Q19: IMPNRGZ | S19: elc_wof_001 | T19: S03aH03 | U19: 0.054264224 | V19: IMPNRGZ | X19: 0.031506849 | Y19: 0.015248324 | Z19: S03aH03 | AA19: elc_roadtransport | AC19: elc_buildings | AD19: S03aH03 | AE19: 0.02800924 | AG19: ELC | AH19: S03aH03 | AI19: 0.097376181 | AK19: 2022 | AL19: S03 | AM19: 0 | AN19: hydro
I20: elc_spv_002 | J20: S01aH01 | K20: 0.22337081 | L20: IMPNRGZ | N20: elc_won_002 | O20: S01aH01 | P20: 0.2204978 | Q20: IMPNRGZ | S20: elc_wof_002 | T20: S01aH01 | U20: 0.21324592 | V20: IMPNRGZ | AC20: elc_industry | AD20: S01aH01 | AE20: 0.21950266
I21: elc_spv_002 | J21: S01aH02 | K21: 0.058558775 | L21: IMPNRGZ | N21: elc_won_002 | O21: S01aH02 | P21: 0.074499607 | Q21: IMPNRGZ | S21: elc_wof_002 | T21: S01aH02 | U21: 0.072488914 | V21: IMPNRGZ | AC21: elc_industry | AD21: S01aH02 | AE21: 0.068750105
I22: elc_spv_002 | J22: S01aH03 | K22: 0 | L22: IMPNRGZ | N22: elc_won_002 | O22: S01aH03 | P22: 0.042047305 | Q22: IMPNRGZ | S22: elc_wof_002 | T22: S01aH03 | U22: 0.041523059 | V22: IMPNRGZ | AC22: elc_industry | AD22: S01aH03 | AE22: 0.040828608
I23: elc_spv_002 | J23: S02aH01 | K23: 0.49883914 | L23: IMPNRGZ | N23: elc_won_002 | O23: S02aH01 | P23: 0.18917906 | Q23: IMPNRGZ | S23: elc_wof_002 | T23: S02aH01 | U23: 0.17681592 | V23: IMPNRGZ | AC23: elc_industry | AD23: S02aH01 | AE23: 0.27955596
I24: elc_spv_002 | J24: S02aH02 | K24: 0.1607676 | L24: IMPNRGZ | N24: elc_won_002 | O24: S02aH02 | P24: 0.062896871 | Q24: IMPNRGZ | S24: elc_wof_002 | T24: S02aH02 | U24: 0.063647887 | V24: IMPNRGZ | AC24: elc_industry | AD24: S02aH02 | AE24: 0.087673104
I25: elc_spv_002 | J25: S02aH03 | K25: 0.0031922306 | L25: IMPNRGZ | N25: elc_won_002 | O25: S02aH03 | P25: 0.040624359 | Q25: IMPNRGZ | S25: elc_wof_002 | T25: S02aH03 | U25: 0.038095146 | V25: IMPNRGZ | AC25: elc_industry | AD25: S02aH03 | AE25: 0.051625613
I26: elc_spv_002 | J26: S03aH01 | K26: 0.050649049 | L26: IMPNRGZ | N26: elc_won_002 | O26: S03aH01 | P26: 0.24425825 | Q26: IMPNRGZ | S26: elc_wof_002 | T26: S03aH01 | U26: 0.25864359 | V26: IMPNRGZ | AC26: elc_industry | AD26: S03aH01 | AE26: 0.16811946
I27: elc_spv_002 | J27: S03aH02 | K27: 0.0046224006 | L27: IMPNRGZ | N27: elc_won_002 | O27: S03aH02 | P27: 0.07844503 | Q27: IMPNRGZ | S27: elc_wof_002 | T27: S03aH02 | U27: 0.084208085 | V27: IMPNRGZ | AC27: elc_industry | AD27: S03aH02 | AE27: 0.052700885
I28: elc_spv_002 | J28: S03aH03 | K28: 0 | L28: IMPNRGZ | N28: elc_won_002 | O28: S03aH03 | P28: 0.047551713 | Q28: IMPNRGZ | S28: elc_wof_002 | T28: S03aH03 | U28: 0.051331486 | V28: IMPNRGZ | AC28: elc_industry | AD28: S03aH03 | AE28: 0.031243599
I29: elc_spv_003 | J29: S01aH01 | K29: 0.22651745 | L29: IMPNRGZ | N29: elc_won_003 | O29: S01aH01 | P29: 0.21915913 | Q29: IMPNRGZ | S29: elc_wof_003 | T29: S01aH01 | U29: 0.20713545 | V29: IMPNRGZ
I30: elc_spv_003 | J30: S01aH02 | K30: 0.05771391 | L30: IMPNRGZ | N30: elc_won_003 | O30: S01aH02 | P30: 0.072687821 | Q30: IMPNRGZ | S30: elc_wof_003 | T30: S01aH02 | U30: 0.072538952 | V30: IMPNRGZ
I31: elc_spv_003 | J31: S01aH03 | K31: 0 | L31: IMPNRGZ | N31: elc_won_003 | O31: S01aH03 | P31: 0.040916413 | Q31: IMPNRGZ | S31: elc_wof_003 | T31: S01aH03 | U31: 0.042455685 | V31: IMPNRGZ
I32: elc_spv_003 | J32: S02aH01 | K32: 0.49837832 | L32: IMPNRGZ | N32: elc_won_003 | O32: S02aH01 | P32: 0.207065 | Q32: IMPNRGZ | S32: elc_wof_003 | T32: S02aH01 | U32: 0.1747321 | V32: IMPNRGZ
I33: elc_spv_003 | J33: S02aH02 | K33: 0.15916237 | L33: IMPNRGZ | N33: elc_won_003 | O33: S02aH02 | P33: 0.06924227 | Q33: IMPNRGZ | S33: elc_wof_003 | T33: S02aH02 | U33: 0.051317 | V33: IMPNRGZ
I34: elc_spv_003 | J34: S02aH03 | K34: 0.0029278155 | L34: IMPNRGZ | N34: elc_won_003 | O34: S02aH03 | P34: 0.040531259 | Q34: IMPNRGZ | S34: elc_wof_003 | T34: S02aH03 | U34: 0.03722404 | V34: IMPNRGZ
I35: elc_spv_003 | J35: S03aH01 | K35: 0.050551627 | L35: IMPNRGZ | N35: elc_won_003 | O35: S03aH01 | P35: 0.23059136 | Q35: IMPNRGZ | S35: elc_wof_003 | T35: S03aH01 | U35: 0.27259218 | V35: IMPNRGZ
I36: elc_spv_003 | J36: S03aH02 | K36: 0.0047485102 | L36: IMPNRGZ | N36: elc_won_003 | O36: S03aH02 | P36: 0.074558069 | Q36: IMPNRGZ | S36: elc_wof_003 | T36: S03aH02 | U36: 0.08630433 | V36: IMPNRGZ
I37: elc_spv_003 | J37: S03aH03 | K37: 0 | L37: IMPNRGZ | N37: elc_won_003 | O37: S03aH03 | P37: 0.045248672 | Q37: IMPNRGZ | S37: elc_wof_003 | T37: S03aH03 | U37: 0.055700265 | V37: IMPNRGZ
I38: elc_spv_004 | J38: S01aH01 | K38: 0.23036376 | L38: IMPNRGZ | N38: elc_won_004 | O38: S01aH01 | P38: 0.21573517 | Q38: IMPNRGZ | S38: elc_wof_004 | T38: S01aH01 | U38: 0.21466286 | V38: IMPNRGZ
I39: elc_spv_004 | J39: S01aH02 | K39: 0.040118755 | L39: IMPNRGZ | N39: elc_won_004 | O39: S01aH02 | P39: 0.074323917 | Q39: IMPNRGZ | S39: elc_wof_004 | T39: S01aH02 | U39: 0.071824531 | V39: IMPNRGZ
I40: elc_spv_004 | J40: S01aH03 | K40: 0 | L40: IMPNRGZ | N40: elc_won_004 | O40: S01aH03 | P40: 0.045176087 | Q40: IMPNRGZ | S40: elc_wof_004 | T40: S01aH03 | U40: 0.039419029 | V40: IMPNRGZ
... I100: elc_spv_010 | J100: S03aH03 | K100: 0 | L100: IMPNRGZ | N100: elc_won_010 | O100: S03aH03 | P100: 0.051308422 | Q100: IMPNRGZ | S100: elc_wof_010 | T100: S03aH03 | U100: 0.047458124 | V100: IMPNRGZ

Sheet ts_048
C9: =IF(A11="x","DeActivated","~TimeSlices") -> DeActivated | I9: =IF(A11="x","DeActivated","~TFM_DINS-AT") -> DeActivated | N9: =IF(A11="x","DeActivated","~TFM_DINS-AT") -> DeActivated | S9: =IF(A11="x","DeActivated","~TFM_DINS-AT") -> DeActivated | X9: =IF(A11="x","DeActivated","~TFM_DINS-AT") -> DeActivated | AC9: =IF(A11="x","DeActivated","~TFM_DINS-AT") -> DeActivated | AG9: =IF(A11="x","DeActivated","~TFM_DINS-AT") -> DeActivated | AK9: =IF(A11="x","DeActivated","~TFM_INS-AT") -> DeActivated
A10: ts_048 | C10: season | D10: weekly | E10: daynite | F10: wparent | G10: dparent | I10: commodity | J10: timeslice | K10: com_fr | L10: process | N10: commodity | O10: timeslice | P10: com_fr | Q10: process | S10: commodity | T10: timeslice | U10: com_fr | V10: process | X10: g_yrfr | Y10: com_fr | Z10: timeslice | AA10: commodity | AC10: commodity | AD10: timeslice | AE10: com_fr | AG10: commodity | AH10: timeslice | AI10: com_pkflx | AK10: Year | AL10: timeslice | AM10: ncap_afs | AN10: pset_ci
A11: =IFERROR(IF(Veda!D5=A10,"ok","x"),"") -> x | C11: S01 | D11: a | E11: H01 | F11: S01,S02,S03,S04,S05,S06,S07 | G11: a | I11: elc_spv_001 | J11: S01aH01 | K11: 0 | L11: IMPNRGZ | N11: elc_won_001 | O11: S01aH01 | P11: 0.019486302 | Q11: IMPNRGZ | S11: elc_wof_001 | T11: S01aH01 | U11: 0.021480466 | V11: IMPNRGZ | X11: 0.017694064 | Y11: 0.0027539799 | Z11: S01aH01 | AA11: elc_roadtransport | AC11: elc_buildings | AD11: S01aH01 | AE11: 0.018478957 | AG11: ELC | AH11: S01aH01 | AI11: 0.146639 | AK11: 2020 | AL11: S01 | AM11: 0 | AN11: hydro
C12: S02 | E12: H02 | G12: a | I12: elc_spv_001 | J12: S01aH02 | K12: 0 | L12: IMPNRGZ | N12: elc_won_001 | O12: S01aH02 | P12: 0.0039381276 | Q12: IMPNRGZ | S12: elc_wof_001 | T12: S01aH02 | U12: 0.0042989738 | V12: IMPNRGZ | X12: 0.0035388128 | Y12: 0.0017880317 | Z12: S01aH02 | AA12: elc_roadtransport | AC12: elc_buildings | AD12: S01aH02 | AE12: 0.0041712446 | AG12: ELC | AH12: S01aH02 | AI12: 0.075518054 | AK12: 2020 | AL12: S02 | AM12: 0 | AN12: hydro
C13: S03 | E13: H03 | G13: a | I13: elc_spv_001 | J13: S01aH03 | K13: 0.0096575506 | L13: IMPNRGZ | N13: elc_won_001 | O13: S01aH03 | P13: 0.042377737 | Q13: IMPNRGZ | S13: elc_wof_001 | T13: S01aH03 | U13: 0.040664819 | V13: IMPNRGZ | X13: 0.035388128 | Y13: 0.047917195 | Z13: S01aH03 | AA13: elc_roadtransport | AC13: elc_buildings | AD13: S01aH03 | AE13: 0.042784358 | AG13: ELC | AH13: S01aH03 | AI13: 0.059547835 | AK13: 2020 | AL13: S03 | AM13: 0 | AN13: hydro
C14: S04 | E14: H04 | G14: a | I14: elc_spv_001 | J14: S01aH04 | K14: 0.00061816345 | L14: IMPNRGZ | N14: elc_won_001 | O14: S01aH04 | P14: 0.012544254 | Q14: IMPNRGZ | S14: elc_wof_001 | T14: S01aH04 | U14: 0.012528104 | V14: IMPNRGZ | X14: 0.010616438 | Y14: 0.019113443 | Z14: S01aH04 | AA14: elc_roadtransport | AC14: elc_buildings | AD14: S01aH04 | AE14: 0.012948167 | AG14: ELC | AH14: S01aH04 | AI14: 0.037514711 | AK14: 2020 | AL14: S04 | AM14: 0 | AN14: hydro
C15: S05 | E15: H05 | G15: a | I15: elc_spv_001 | J15: S01aH05 | K15: 0 | L15: IMPNRGZ | N15: elc_won_001 | O15: S01aH05 | P15: 0.0080270665 | Q15: IMPNRGZ | S15: elc_wof_001 | T15: S01aH05 | U15: 0.0078793632 | V15: IMPNRGZ | X15: 0.0070776256 | Y15: 0.0082208355 | Z15: S01aH05 | AA15: elc_roadtransport | AC15: elc_buildings | AD15: S01aH05 | AE15: 0.0083745274 | AG15: ELC | AH15: S01aH05 | AI15: 0.050158369 | AK15: 2020 | AL15: S05 | AM15: 0 | AN15: hydro
C16: S06 | E16: H06 | G16: a | I16: elc_spv_001 | J16: S01aH06 | K16: 0 | L16: IMPNRGZ | N16: elc_won_001 | O16: S01aH06 | P16: 0.011854357 | Q16: IMPNRGZ | S16: elc_wof_001 | T16: S01aH06 | U16: 0.01118305 | V16: IMPNRGZ | X16: 0.010616438 | Y16: 0.0051380222 | Z16: S01aH06 | AA16: elc_roadtransport | AC16: elc_buildings | AD16: S01aH06 | AE16: 0.011227685 | AG16: ELC | AH16: S01aH06 | AI16: 0.066865784 | AK16: 2020 | AL16: S06 | AM16: 0 | AN16: hydro
C17: S07 | I17: elc_spv_001 | J17: S02aH01 | K17: 0 | L17: IMPNRGZ | N17: elc_won_001 | O17: S02aH01 | P17: 0.011734982 | Q17: IMPNRGZ | S17: elc_wof_001 | T17: S02aH01 | U17: 0.0084913135 | V17: IMPNRGZ | X17: 0.015981735 | Y17: 0.0024874657 | Z17: S02aH01 | AA17: elc_roadtransport | AC17: elc_buildings | AD17: S02aH01 | AE17: 0.016569502 | AG17: ELC | AH17: S02aH01 | AI17: 0.14998067 | AK17: 2020 | AL17: S07 | AM17: 0 | AN17: hydro
I18: elc_spv_001 | J18: S02aH02 | K18: 0 | L18: IMPNRGZ | N18: elc_won_001 | O18: S02aH02 | P18: 0.0025275841 | Q18: IMPNRGZ | S18: elc_wof_001 | T18: S02aH02 | U18: 0.0018087043 | V18: IMPNRGZ | X18: 0.003196347 | Y18: 0.0016149964 | Z18: S02aH02 | AA18: elc_roadtransport | AC18: elc_buildings | AD18: S02aH02 | AE18: 0.0036635006 | AG18: ELC | AH18: S02aH02 | AI18: 0.089634676 | AK18: 2021 | AL18: S01 | AM18: 0 | AN18: hydro
I19: elc_spv_001 | J19: S02aH03 | K19: 0.023961553 | L19: IMPNRGZ | N19: elc_won_001 | O19: S02aH03 | P19: 0.026170965 | Q19: IMPNRGZ | S19: elc_wof_001 | T19: S02aH03 | U19: 0.020099236 | V19: IMPNRGZ | X19: 0.03196347 | Y19: 0.043280047 | Z19: S02aH03 | AA19: elc_roadtransport | AC19: elc_buildings | AD19: S02aH03 | AE19: 0.036343102 | AG19: ELC | AH19: S02aH03 | AI19: 0.063806983 | AK19: 2021 | AL19: S02 | AM19: 0 | AN19: hydro
I20: elc_spv_001 | J20: S02aH04 | K20: 0.003621377 | L20: IMPNRGZ | N20: elc_won_001 | O20: S02aH04 | P20: 0.0077781361 | Q20: IMPNRGZ | S20: elc_wof_001 | T20: S02aH04 | U20: 0.006988494 | V20: IMPNRGZ | X20: 0.0095890411 | Y20: 0.017263755 | Z20: S02aH04 | AA20: elc_roadtransport | AC20: elc_buildings | AD20: S02aH04 | AE20: 0.01102076 | AG20: ELC | AH20: S02aH04 | AI20: 0.034116133 | AK20: 2021 | AL20: S03 | AM20: 0 | AN20: hydro
I21: elc_spv_001 | J21: S02aH05 | K21: 0 | L21: IMPNRGZ | N21: elc_won_001 | O21: S02aH05 | P21: 0.0051404613 | Q21: IMPNRGZ | S21: elc_wof_001 | T21: S02aH05 | U21: 0.004493774 | V21: IMPNRGZ | X21: 0.0063926941 | Y21: 0.0074252708 | Z21: S02aH05 | AA21: elc_roadtransport | AC21: elc_buildings | AD21: S02aH05 | AE21: 0.0071531184 | AG21: ELC | AH21: S02aH05 | AI21: 0.051838319 | AK21: 2021 | AL21: S04 | AM21: 0 | AN21: hydro
I22: elc_spv_001 | J22: S02aH06 | K22: 0 | L22: IMPNRGZ | N22: elc_won_001 | O22: S02aH06 | P22: 0.0068908228 | Q22: IMPNRGZ | S22: elc_wof_001 | T22: S02aH06 | U22: 0.0061660376 | V22: IMPNRGZ | X22: 0.0095890411 | Y22: 0.0046407942 | Z22: S02aH06 | AA22: elc_roadtransport | AC22: elc_buildings | AD22: S02aH06 | AE22: 0.0099024335 | AG22: ELC | AH22: S02aH06 | AI22: 0.037131262 | AK22: 2021 | AL22: S05 | AM22: 0 | AN22: hydro
I23: elc_spv_001 | J23: S03aH01 | K23: 0 | L23: IMPNRGZ | N23: elc_won_001 | O23: S03aH01 | P23: 0.034204032 | Q23: IMPNRGZ | S23: elc_wof_001 | T23: S03aH01 | U23: 0.036151123 | V23: IMPNRGZ | X23: 0.034817352 | Y23: 0.0054191217 | Z23: S03aH01 | AA23: elc_roadtransport | AC23: elc_buildings | AD23: S03aH01 | AE23: 0.036928829 | AG23: ELC | AH23: S03aH01 | AI23: 0.17420677 | AK23: 2021 | AL23: S06 | AM23: 0 | AN23: hydro
I24: elc_spv_001 | J24: S03aH02 | K24: 1.5979949e-06 | L24: IMPNRGZ | N24: elc_won_001 | O24: S03aH02 | P24: 0.0069927823 | Q24: IMPNRGZ | S24: elc_wof_001 | T24: S03aH02 | U24: 0.0070672852 | V24: IMPNRGZ | X24: 0.0069634703 | Y24: 0.003518385 | Z24: S03aH02 | AA24: elc_roadtransport | AC24: elc_buildings | AD24: S03aH02 | AE24: 0.0082778532 | AG24: ELC | AH24: S03aH02 | AI24: 0.11962364 | AK24: 2021 | AL24: S07 | AM24: 0 | AN24: hydro
I25: elc_spv_001 | J25: S03aH03 | K25: 0.18581019 | L25: IMPNRGZ | N25: elc_won_001 | O25: S03aH03 | P25: 0.072212162 | Q25: IMPNRGZ | S25: elc_wof_001 | T25: S03aH03 | U25: 0.068918532 | V25: IMPNRGZ | X25: 0.069634703 | Y25: 0.094288674 | Z25: S03aH03 | AA25: elc_roadtransport | AC25: elc_buildings | AD25: S03aH03 | AE25: 0.083363435 | AG25: ELC | AH25: S03aH03 | AI25: 0.13570825 | AK25: 2022 | AL25: S01 | AM25: 0 | AN25: hydro
I26: elc_spv_001 | J26: S03aH04 | K26: 0.048257265 | L26: IMPNRGZ | N26: elc_won_001 | O26: S03aH04 | P26: 0.023300624 | Q26: IMPNRGZ | S26: elc_wof_001 | T26: S03aH04 | U26: 0.024053334 | V26: IMPNRGZ | X26: 0.020890411 | Y26: 0.037610322 | Z26: S03aH04 | AA26: elc_roadtransport | AC26: elc_buildings | AD26: S03aH04 | AE26: 0.025434071 | AG26: ELC | AH26: S03aH04 | AI26: 0.12800354 | AK26: 2022 | AL26: S02 | AM26: 0 | AN26: hydro
I27: elc_spv_001 | J27: S03aH05 | K27: 0.004589288 | L27: IMPNRGZ | N27: elc_won_001 | O27: S03aH05 | P27: 0.015477449 | Q27: IMPNRGZ | S27: elc_wof_001 | T27: S03aH05 | U27: 0.016606863 | V27: IMPNRGZ | X27: 0.013926941 | Y27: 0.016176483 | Z27: S03aH05 | AA27: elc_roadtransport | AC27: elc_buildings | AD27: S03aH05 | AE27: 0.015528976 | AG27: ELC | AH27: S03aH05 | AI27: 0.14273507 | AK27: 2022 | AL27: S03 | AM27: 0 | AN27: hydro
I28: elc_spv_001 | J28: S03aH06 | K28: 0 | L28: IMPNRGZ | N28: elc_won_001 | O28: S03aH06 | P28: 0.022004342 | Q28: IMPNRGZ | S28: elc_wof_001 | T28: S03aH06 | U28: 0.023996122 | V28: IMPNRGZ | X28: 0.020890411 | Y28: 0.010110302 | Z28: S03aH06 | AA28: elc_roadtransport | AC28: elc_buildings | AD28: S03aH06 | AE28: 0.021310858 | AG28: ELC | AH28: S03aH06 | AI28: 0.11227202 | AK28: 2022 | AL28: S04 | AM28: 0 | AN28: hydro
I29: elc_spv_001 | J29: S04aH01 | K29: 0.0013662363 | L29: IMPNRGZ | N29: elc_won_001 | O29: S04aH01 | P29: 0.066128337 | Q29: IMPNRGZ | S29: elc_wof_001 | T29: S04aH01 | U29: 0.060189267 | V29: IMPNRGZ | X29: 0.087328767 | Y29: 0.013592223 | Z29: S04aH01 | AA29: elc_roadtransport | AC29: elc_buildings | AD29: S04aH01 | AE29: 0.06037259 | AG29: ELC | AH29: S04aH01 | AI29: 0.22191507 | AK29: 2022 | AL29: S05 | AM29: 0 | AN29: hydro
... I31: elc_spv_001 | J31: S04aH03 | K31: 0.48442821 | L31: IMPNRGZ | N31: elc_won_001 | O31: S04aH03 | P31: 0.12769696 | Q31: IMPNRGZ | S31: elc_wof_001 | T31: S04aH03 | U31: 0.097865047 | V31: IMPNRGZ | X31: 0.17465753 | Y31: 0.23649454 | Z31: S04aH03 | AA31: elc_roadtransport | AC31: elc_buildings | AD31: S04aH03 | AE31: 0.17673079 | AG31: ELC | AH31: S04aH03 | AI31: 0.13742857 | AK31: 2022 | AL31: S07 | AM31: 0 | AN31: hydro
I32: elc_spv_001 | J32: S04aH04 | K32: 0.13110538 | L32: IMPNRGZ | N32: elc_won_001 | O32: S04aH04 | P32: 0.041488937 | Q32: IMPNRGZ | S32: elc_wof_001 | T32: S04aH04 | U32: 0.033459393 | V32: IMPNRGZ | X32: 0.05239726 | Y32: 0.094334087 | Z32: S04aH04 | AA32: elc_roadtransport | AC32: elc_buildings | AD32: S04aH04 | AE32: 0.051716486 | AG32: ELC | AH32: S04aH04 | AI32: 0.13967889
I33: elc_spv_001 | J33: S04aH05 | K33: 0.03661264 | L33: IMPNRGZ | N33: elc_won_001 | O33: S04aH05 | P33: 0.027783545 | Q33: IMPNRGZ | S33: elc_wof_001 | T33: S04aH05 | U33: 0.023910105 | V33: IMPNRGZ | X33: 0.034931507 | Y33: 0.040573801 | Z33: S04aH05 | AA33: elc_roadtransport | AC33: elc_buildings | AD33: S04aH05 | AE33: 0.031725425 | AG33: ELC | AH33: S04aH05 | AI33: 0.096047556
I34: elc_spv_001 | J34: S04aH06 | K34: 0.0038078933 | L34: IMPNRGZ | N34: elc_won_001 | O34: S04aH06 | P34: 0.041024733 | Q34: IMPNRGZ | S34: elc_wof_001 | T34: S04aH06 | U34: 0.038689245 | V34: IMPNRGZ | X34: 0.05239726 | Y34: 0.025358626 | Z34: S04aH06 | AA34: elc_roadtransport | AC34: elc_buildings | AD34: S04aH06 | AE34: 0.036521866 | AG34: ELC | AH34: S04aH06 | AI34: 0.15245767
I35: elc_spv_001 | J35: S05aH01 | K35: 0 | L35: IMPNRGZ | N35: elc_won_001 | O35: S05aH01 | P35: 0.020943325 | Q35: IMPNRGZ | S35: elc_wof_001 | T35: S05aH01 | U35: 0.02379979 | V35: IMPNRGZ | X35: 0.017694064 | Y35: 0.0027539799 | Z35: S05aH01 | AA35: elc_roadtransport | AC35: elc_buildings | AD35: S05aH01 | AE35: 0.014531792 | AG35: ELC | AH35: S05aH01 | AI35: 0.18651348
I36: elc_spv_001 | J36: S05aH02 | K36: 0 | L36: IMPNRGZ | N36: elc_won_001 | O36: S05aH02 | P36: 0.0041796499 | Q36: IMPNRGZ | S36: elc_wof_001 | T36: S05aH02 | U36: 0.0046943549 | V36: IMPNRGZ | X36: 0.0035388128 | Y36: 0.0017880317 | Z36: S05aH02 | AA36: elc_roadtransport | AC36: elc_buildings | AD36: S05aH02 | AE36: 0.0034369612 | AG36: ELC | AH36: S05aH02 | AI36: 0.07131248
I37: elc_spv_001 | J37: S05aH03 | K37: 0.03293579 | L37: IMPNRGZ | N37: elc_won_001 | O37: S05aH03 | P37: 0.042791929 | Q37: IMPNRGZ | S37: elc_wof_001 | T37: S05aH03 | U37: 0.045370629 | V37: IMPNRGZ | X37: 0.035388128 | Y37: 0.047917195 | Z37: S05aH03 | AA37: elc_roadtransport | AC37: elc_buildings | AD37: S05aH03 | AE37: 0.036702654 | AG37: ELC | AH37: S05aH03 | AI37: 0.053704963
I38: elc_spv_001 | J38: S05aH04 | K38: 0.0048297163 | L38: IMPNRGZ | N38: elc_won_001 | O38: S05aH04 | P38: 0.012688606 | Q38: IMPNRGZ | S38: elc_wof_001 | T38: S05aH04 | U38: 0.014970528 | V38: IMPNRGZ | X38: 0.010616438 | Y38: 0.019113443 | Z38: S05aH04 | AA38: elc_roadtransport | AC38: elc_buildings | AD38: S05aH04 | AE38: 0.011021202 | AG38: ELC | AH38: S05aH04 | AI38: 0.058033895
I39: elc_spv_001 | J39: S05aH05 | K39: 0 | L39: IMPNRGZ | N39: elc_won_001 | O39: S05aH05 | P39: 0.0083723019 | Q39: IMPNRGZ | S39: elc_wof_001 | T39: S05aH05 | U39: 0.010415536 | V39: IMPNRGZ | X39: 0.0070776256 | Y39: 0.0082208355 | Z39: S05aH05 | AA39: elc_roadtransport | AC39: elc_buildings | AD39: S05aH05 | AE39: 0.0068003987 | AG39: ELC | AH39: S05aH05 | AI39: 0.078686876
I40: elc_spv_001 | J40: S05aH06 | K40: 0 | L40: IMPNRGZ | N40: elc_won_001 | O40: S05aH06 | P40: 0.013026262 | Q40: IMPNRGZ | S40: elc_wof_001 | T40: S05aH06 | U40: 0.015148143 | V40: IMPNRGZ | X40: 0.010616438 | Y40: 0.0051380222 | Z40: S05aH06 | AA40: elc_roadtransport | AC40: elc_buildings | AD40: S05aH06 | AE40: 0.008582324 | AG40: ELC | AH40: S05aH06 | AI40: 0.1028859
I41: elc_spv_001 | J41: S06aH01 | K41: 0 | L41: IMPNRGZ | N41: elc_won_001 | O41: S06aH01 | P41: 0.023025578 | Q41: IMPNRGZ | S41: elc_wof_001 | T41: S06aH01 | U41: 0.028958185 | V41: IMPNRGZ | X41: 0.017123288 | Y41: 0.0026651418 | Z41: S06aH01 | AA41: elc_roadtransport | AC41: elc_buildings | AD41: S06aH01 | AE41: 0.015033124 | AG41: ELC | AH41: S06aH01 | AI41: 0.15444549
I42: elc_spv_001 | J42: S06aH02 | K42: 0 | L42: IMPNRGZ | N42: elc_won_001 | O42: S06aH02 | P42: 0.0043629421 | Q42: IMPNRGZ | S42: elc_wof_001 | T42: S06aH02 | U42: 0.0053142949 | V42: IMPNRGZ | X42: 0.0034246575 | Y42: 0.0017303533 | Z42: S06aH02 | AA42: elc_roadtransport | AC42: elc_buildings | AD42: S06aH02 | AE42: 0.0034906763 | AG42: ELC | AH42: S06aH02 | AI42: 0.075792532
I43: elc_spv_001 | J43: S06aH03 | K43: 0.013687607 | L43: IMPNRGZ | N43: elc_won_001 | O43: S06aH03 | P43: 0.04397027 | Q43: IMPNRGZ | S43: elc_wof_001 | T43: S06aH03 | U43: 0.051436895 | V43: IMPNRGZ | X43: 0.034246575 | Y43: 0.046371479 | Z43: S06aH03 | AA43: elc_roadtransport | AC43: elc_buildings | AD43: S06aH03 | AE43: 0.036488412 | AG43: ELC | AH43: S06aH03 | AI43: 0.045659356
... I52: elc_spv_001 | J52: S07aH06 | K52: 0 | L52: IMPNRGZ | N52: elc_won_001 | O52: S07aH06 | P52: 0.017593817 | Q52: IMPNRGZ | S52: elc_wof_001 | T52: S07aH06 | U52: 0.021718373 | V52: IMPNRGZ | X52: 0.010616438 | Y52: 0.0051380222 | Z52: S07aH06 | AA52: elc_roadtransport | AC52: elc_buildings | AD52: S07aH06 | AE52: 0.010138933 | AG52: ELC | AH52: S07aH06 | AI52: 0.044379753
I53: elc_spv_002 | J53: S01aH01 | K53: 0 | L53: IMPNRGZ | N53: elc_won_002 | O53: S01aH01 | P53: 0.019871127 | Q53: IMPNRGZ | S53: elc_wof_002 | T53: S01aH01 | U53: 0.02082052 | V53: IMPNRGZ | AC53: elc_industry | AD53: S01aH01 | AE53: 0.01757344
I54: elc_spv_002 | J54: S01aH02 | K54: 0 | L54: IMPNRGZ | N54: elc_won_002 | O54: S01aH02 | P54: 0.0042074733 | Q54: IMPNRGZ | S54: elc_wof_002 | T54: S01aH02 | U54: 0.0040598856 | V54: IMPNRGZ | AC54: elc_industry | AD54: S01aH02 | AE54: 0.0035490305
I55: elc_spv_002 | J55: S01aH03 | K55: 0.010644507 | L55: IMPNRGZ | N55: elc_won_002 | O55: S01aH03 | P55: 0.042582214 | Q55: IMPNRGZ | S55: elc_wof_002 | T55: S01aH03 | U55: 0.041632393 | V55: IMPNRGZ | AC55: elc_industry | AD55: S01aH03 | AE55: 0.035567731
I56: elc_spv_002 | J56: S01aH04 | K56: 0.00067621095 | L56: IMPNRGZ | N56: elc_won_002 | O56: S01aH04 | P56: 0.013048805 | Q56: IMPNRGZ | S56: elc_wof_002 | T56: S01aH04 | U56: 0.012383258 | V56: IMPNRGZ | AC56: elc_industry | AD56: S01aH04 | AE56: 0.010678471
I57: elc_spv_002 | J57: S01aH05 | K57: 0 | L57: IMPNRGZ | N57: elc_won_002 | O57: S01aH05 | P57: 0.0085439416 | Q57: IMPNRGZ | S57: elc_wof_002 | T57: S01aH05 | U57: 0.0079832129 | V57: IMPNRGZ | AC57: elc_industry | AD57: S01aH05 | AE57: 0.0071003752
I58: elc_spv_002 | J58: S01aH06 | K58: 0 | L58: IMPNRGZ | N58: elc_won_002 | O58: S01aH06 | P58: 0.011810072 | Q58: IMPNRGZ | S58: elc_wof_002 | T58: S01aH06 | U58: 0.011702314 | V58: IMPNRGZ | AC58: elc_industry | AD58: S01aH06 | AE58: 0.010554199
I59: elc_spv_002 | J59: S02aH01 | K59: 0 | L59: IMPNRGZ | N59: elc_won_002 | O59: S02aH01 | P59: 0.012337554 | Q59: IMPNRGZ | S59: elc_wof_002 | T59: S02aH01 | U59: 0.0094007239 | V59: IMPNRGZ | AC59: elc_industry | AD59: S02aH01 | AE59: 0.015916332
I60: elc_spv_002 | J60: S02aH02 | K60: 0 | L60: IMPNRGZ | N60: elc_won_002 | O60: S02aH02 | P60: 0.0027921167 | Q60: IMPNRGZ | S60: elc_wof_002 | T60: S02aH02 | U60: 0.0021052257 | V60: IMPNRGZ | AC60: elc_industry | AD60: S02aH02 | AE60: 0.0032085185
I61: elc_spv_002 | J61: S02aH03 | K61: 0.026585637 | L61: IMPNRGZ | N61: elc_won_002 | O61: S02aH03 | P61: 0.026995952 | Q61: IMPNRGZ | S61: elc_wof_002 | T61: S02aH03 | U61: 0.022201415 | V61: IMPNRGZ | AC61: elc_industry | AD61: S02aH03 | AE61: 0.0320641
I62: elc_spv_002 | J62: S02aH04 | K62: 0.0045270082 | L62: IMPNRGZ | N62: elc_won_002 | O62: S02aH04 | P62: 0.0076966448 | Q62: IMPNRGZ | S62: elc_wof_002 | T62: S02aH04 | U62: 0.0072602864 | V62: IMPNRGZ | AC62: elc_industry | AD62: S02aH04 | AE62: 0.009627741
I63: elc_spv_002 | J63: S02aH05 | K63: 0 | L63: IMPNRGZ | N63: elc_won_002 | O63: S02aH05 | P63: 0.0051703276 | Q63: IMPNRGZ | S63: elc_wof_002 | T63: S02aH05 | U63: 0.0045429302 | V63: IMPNRGZ | AC63: elc_industry | AD63: S02aH05 | AE63: 0.0064044772
I64: elc_spv_002 | J64: S02aH06 | K64: 0 | L64: IMPNRGZ | N64: elc_won_002 | O64: S02aH06 | P64: 0.0070973318 | Q64: IMPNRGZ | S64: elc_wof_002 | T64: S02aH06 | U64: 0.0062396317 | V64: IMPNRGZ | AC64: elc_industry | AD64: S02aH06 | AE64: 0.0095469628
... I94: elc_spv_002 | J94: S07aH06 | K94: 0 | L94: IMPNRGZ | N94: elc_won_002 | O94: S07aH06 | P94: 0.018883678 | Q94: IMPNRGZ | S94: elc_wof_002 | T94: S07aH06 | U94: 0.020298909 | V94: IMPNRGZ | AC94: elc_industry | AD94: S07aH06 | AE94: 0.010541969
I95: elc_spv_003 | J95: S01aH01 | K95: 0 | L95: IMPNRGZ | N95: elc_won_003 | O95: S01aH01 | P95: 0.020134161 | Q95: IMPNRGZ | S95: elc_wof_003 | T95: S01aH01 | U95: 0.020569069 | V95: IMPNRGZ
I96: elc_spv_003 | J96: S01aH02 | K96: 0 | L96: IMPNRGZ | N96: elc_won_003 | O96: S01aH02 | P96: 0.0041494001 | Q96: IMPNRGZ | S96: elc_wof_003 | T96: S01aH02 | U96: 0.0044819093 | V96: IMPNRGZ
I97: elc_spv_003 | J97: S01aH03 | K97: 0.011315808 | L97: IMPNRGZ | N97: elc_won_003 | O97: S01aH03 | P97: 0.040900868 | Q97: IMPNRGZ | S97: elc_wof_003 | T97: S01aH03 | U97: 0.041039634 | V97: IMPNRGZ
I98: elc_spv_003 | J98: S01aH04 | K98: 0.00080381376 | L98: IMPNRGZ | N98: elc_won_003 | O98: S01aH04 | P98: 0.012275687 | Q98: IMPNRGZ | S98: elc_wof_003 | T98: S01aH04 | U98: 0.01231252 | V98: IMPNRGZ
I99: elc_spv_003 | J99: S01aH05 | K99: 0 | L99: IMPNRGZ | N99: elc_won_003 | O99: S01aH05 | P99: 0.008004947 | Q99: IMPNRGZ | S99: elc_wof_003 | T99: S01aH05 | U99: 0.0079440304 | V99: IMPNRGZ
I100: elc_spv_003 | J100: S01aH06 | K100: 0 | L100: IMPNRGZ | N100: elc_won_003 | O100: S01aH06 | P100: 0.011757888 | Q100: IMPNRGZ | S100: elc_wof_003 | T100: S01aH06 | U100: 0.011318183 | V100: IMPNRGZ
I101: elc_spv_003 | J101: S02aH01 | K101: 0 | L101: IMPNRGZ | N101: elc_won_003 | O101: S02aH01 | P101: 0.012792626 | Q101: IMPNRGZ | S101: elc_wof_003 | T101: S02aH01 | U101: 0.0086040445 | V101: IMPNRGZ
I102: elc_spv_003 | J102: S02aH02 | K102: 0 | L102: IMPNRGZ | N102: elc_won_003 | O102: S02aH02 | P102: 0.0027132649 | Q102: IMPNRGZ | S102: elc_wof_003 | T102: S02aH02 | U102: 0.0016122892 | V102: IMPNRGZ
I103: elc_spv_003 | J103: S02aH03 | K103: 0.029275021 | L103: IMPNRGZ | N103: elc_won_003 | O103: S02aH03 | P103: 0.027496542 | Q103: IMPNRGZ | S103: elc_wof_003 | T103: S02aH03 | U103: 0.018790193 | V103: IMPNRGZ
I104: elc_spv_003 | J104: S02aH04 | K104: 0.0050235845 | L104: IMPNRGZ | N104: elc_won_003 | O104: S02aH04 | P104: 0.0082957954 | Q104: IMPNRGZ | S104: elc_wof_003 | T104: S02aH04 | U104: 0.0070475967 | V104: IMPNRGZ
I105: elc_spv_003 | J105: S02aH05 | K105: 0 | L105: IMPNRGZ | N105: elc_won_003 | O105: S02aH05 | P105: 0.0055369282 | Q105: IMPNRGZ | S105: elc_wof_003 | T105: S02aH05 | U105: 0.0049921322 | V105: IMPNRGZ
I106: elc_spv_003 | J106: S02aH06 | K106: 0 | L106: IMPNRGZ | N106: elc_won_003 | O106: S02aH06 | P106: 0.0073811597 | Q106: IMPNRGZ | S106: elc_wof_003 | T106: S02aH06 | U106: 0.0068638209 | V106: IMPNRGZ
... I430: elc_spv_010 | J430: S07aH06 | K430: 0 | L430: IMPNRGZ | N430: elc_won_010 | O430: S07aH06 | P430: 0.020280108 | Q430: IMPNRGZ | S430: elc_wof_010 | T430: S07aH06 | U430: 0.018957788 | V430: IMPNRGZ

Sheet ts_096P50
C9: =IF(A11="x","DeActivated","~TimeSlices") -> DeActivated | I9: =IF(A11="x","DeActivated","~TFM_DINS-AT") -> DeActivated | N9: =IF(A11="x","DeActivated","~TFM_DINS-AT") -> DeActivated | S9: =IF(A11="x","DeActivated","~TFM_DINS-AT") -> DeActivated | X9: =IF(A11="x","DeActivated","~TFM_DINS-AT") -> DeActivated | AC9: =IF(A11="x","DeActivated","~TFM_DINS-AT") -> DeActivated | AG9: =IF(A11="x","DeActivated","~TFM_DINS-AT") -> DeActivated | AK9: =IF(A11="x","DeActivated","~TFM_INS-AT") -> DeActivated
A10: ts_096P50 | C10: season | D10: weekly | E10: daynite | F10: wparent | G10: dparent | I10: commodity | J10: timeslice | K10: com_fr | L10: process | N10: commodity | O10: timeslice | P10: com_fr | Q10: process | S10: commodity | T10: timeslice | U10: com_fr | V10: process | X10: g_yrfr | Y10: com_fr | Z10: timeslice | AA10: commodity | AC10: commodity | AD10: timeslice | AE10: com_fr | AG10: commodity | AH10: timeslice | AI10: com_pkflx | AK10: Year | AL10: timeslice | AM10: ncap_afs | AN10: pset_ci
A11: =IFERROR(IF(Veda!D5=A10,"ok","x"),"") -> x | C11: S01 | D11: a | E11: H01 | F11: S01,S02,S03,S04,S05,S06,S07,S08,S09,S10,S11,S12 | G11: a | I11: elc_spv_001 | J11: S01aH01 | K11: 0 | L11: IMPNRGZ | N11: elc_won_001 | O11: S01aH01 | P11: 0.019486302 | Q11: IMPNRGZ | S11: elc_wof_001 | T11: S01aH01 | U11: 0.021480466 | V11: IMPNRGZ | X11: 0.017694064 | Y11: 0.0027539799 | Z11: S01aH01 | AA11: elc_roadtransport | AC11: elc_buildings | AD11: S01aH01 | AE11: 0.018478957 | AG11: ELC | AH11: S01aH01 | AI11: 0.146639 | AK11: 2020 | AL11: S01 | AM11: 0 | AN11: hydro
C12: S02 | E12: H02 | G12: a | I12: elc_spv_001 | J12: S01aH02 | K12: 0 | L12: IMPNRGZ | N12: elc_won_001 | O12: S01aH02 | P12: 0.0039381276 | Q12: IMPNRGZ | S12: elc_wof_001 | T12: S01aH02 | U12: 0.0042989738 | V12: IMPNRGZ | X12: 0.0035388128 | Y12: 0.0017880317 | Z12: S01aH02 | AA12: elc_roadtransport | AC12: elc_buildings | AD12: S01aH02 | AE12: 0.0041712446 | AG12: ELC | AH12: S01aH02 | AI12: 0.075518054 | AK12: 2020 | AL12: S02 | AM12: 0 | AN12: hydro
C13: S03 | E13: H03 | G13: a | I13: elc_spv_001 | J13: S01aH03 | K13: 0.0082448109 | L13: IMPNRGZ | N13: elc_won_001 | O13: S01aH03 | P13: 0.038022679 | Q13: IMPNRGZ | S13: elc_wof_001 | T13: S01aH03 | U13: 0.03649151 | V13: IMPNRGZ | X13: 0.031849315 | Y13: 0.042573652 | Z13: S01aH03 | AA13: elc_roadtransport | AC13: elc_buildings | AD13: S01aH03 | AE13: 0.038466888 | AG13: ELC | AH13: S01aH03 | AI13: 0.06036555 | AK13: 2020 | AL13: S03 | AM13: 0 | AN13: hydro
C14: S04 | E14: H04 | G14: a | I14: elc_spv_001 | J14: S01aH04 | K14: 0.0014127397 | L14: IMPNRGZ | N14: elc_won_001 | O14: S01aH04 | P14: 0.0043550583 | Q14: IMPNRGZ | S14: elc_wof_001 | T14: S01aH04 | U14: 0.0041733096 | V14: IMPNRGZ | X14: 0.0035388128 | Y14: 0.0053435431 | Z14: S01aH04 | AA14: elc_roadtransport | AC14: elc_buildings | AD14: S01aH04 | AE14: 0.0043174705 | AG14: ELC | AH14: S01aH04 | AI14: 0.035756594 | AK14: 2020 | AL14: S04 | AM14: 0 | AN14: hydro
C15: S05 | E15: H05 | G15: a | I15: elc_spv_001 | J15: S01aH05 | K15: 0.00061816345 | L15: IMPNRGZ | N15: elc_won_001 | O15: S01aH05 | P15: 0.012544254 | Q15: IMPNRGZ | S15: elc_wof_001 | T15: S01aH05 | U15: 0.012528104 | V15: IMPNRGZ | X15: 0.010616438 | Y15: 0.019113443 | Z15: S01aH05 | AA15: elc_roadtransport | AC15: elc_buildings | AD15: S01aH05 | AE15: 0.012948167 | AG15: ELC | AH15: S01aH05 | AI15: 0.037514711 | AK15: 2020 | AL15: S05 | AM15: 0 | AN15: hydro
C16: S06 | E16: H06 | G16: a | I16: elc_spv_001 | J16: S01aH06 | K16: 0 | L16: IMPNRGZ | N16: elc_won_001 | O16: S01aH06 | P16: 0.0040373608 | Q16: IMPNRGZ | S16: elc_wof_001 | T16: S01aH06 | U16: 0.0040092314 | V16: IMPNRGZ | X16: 0.0035388128 | Y16: 0.0048297409 | Z16: S01aH06 | AA16: elc_roadtransport | AC16: elc_buildings | AD16: S01aH06 | AE16: 0.0042717407 | AG16: ELC | AH16: S01aH06 | AI16: 0.034365936 | AK16: 2020 | AL16: S06 | AM16: 0 | AN16: hydro
C17: S07 | E17: H07 | G17: a | I17: elc_spv_001 | J17: S01aH07 | K17: 0 | L17: IMPNRGZ | N17: elc_won_001 | O17: S01aH07 | P17: 0.0039897057 | Q17: IMPNRGZ | S17: elc_wof_001 | T17: S01aH07 | U17: 0.0038701318 | V17: IMPNRGZ | X17: 0.0035388128 | Y17: 0.0033910946 | Z17: S01aH07 | AA17: elc_roadtransport | AC17: elc_buildings | AD17: S01aH07 | AE17: 0.0041027868 | AG17: ELC | AH17: S01aH07 | AI17: 0.035280814 | AK17: 2020 | AL17: S07 | AM17: 0 | AN17: hydro
C18: S08 | E18: H08 | G18: a | I18: elc_spv_001 | J18: S01aH08 | K18: 0 | L18: IMPNRGZ | N18: elc_won_001 | O18: S01aH08 | P18: 0.011854357 | Q18: IMPNRGZ | S18: elc_wof_001 | T18: S01aH08 | U18: 0.01118305 | V18: IMPNRGZ | X18: 0.010616438 | Y18: 0.0051380222 | Z18: S01aH08 | AA18: elc_roadtransport | AC18: elc_buildings | AD18: S01aH08 | AE18: 0.011227685 | AG18: ELC | AH18: S01aH08 | AI18: 0.066865784 | AK18: 2020 | AL18: S08 | AM18: 0 | AN18: hydro
C19: S09 | I19: elc_spv_001 | J19: S02aH01 | K19: 0 | L19: IMPNRGZ | N19: elc_won_001 | O19: S02aH01 | P19: 0.011734982 | Q19: IMPNRGZ | S19: elc_wof_001 | T19: S02aH01 | U19: 0.0084913135 | V19: IMPNRGZ | X19: 0.015981735 | Y19: 0.0024874657 | Z19: S02aH01 | AA19: elc_roadtransport | AC19: elc_buildings | AD19: S02aH01 | AE19: 0.016569502 | AG19: ELC | AH19: S02aH01 | AI19: 0.14998067 | AK19: 2020 | AL19: S09 | AM19: 0 | AN19: hydro
C20: S10 | I20: elc_spv_001 | J20: S02aH02 | K20: 0 | L20: IMPNRGZ | N20: elc_won_001 | O20: S02aH02 | P20: 0.0025275841 | Q20: IMPNRGZ | S20: elc_wof_001 | T20: S02aH02 | U20: 0.0018087043 | V20: IMPNRGZ | X20: 0.003196347 | Y20: 0.0016149964 | Z20: S02aH02 | AA20: elc_roadtransport | AC20: elc_buildings | AD20: S02aH02 | AE20: 0.0036635006 | AG20: ELC | AH20: S02aH02 | AI20: 0.089634676 | AK20: 2020 | AL20: S10 | AM20: 0 | AN20: hydro
C21: S11 | I21: elc_spv_001 | J21: S02aH03 | K21: 0.020491651 | L21: IMPNRGZ | N21: elc_won_001 | O21: S02aH03 | P21: 0.023578226 | Q21: IMPNRGZ | S21: elc_wof_001 | T21: S02aH03 | U21: 0.017919952 | V21: IMPNRGZ | X21: 0.028767123 | Y21: 0.038453621 | Z21: S02aH03 | AA21: elc_roadtransport | AC21: elc_buildings | AD21: S02aH03 | AE21: 0.032669744 | AG21: ELC | AH21: S02aH03 | AI21: 0.064758672 | AK21: 2020 | AL21: S11 | AM21: 0 | AN21: hydro
C22: S12 | I22: elc_spv_001 | J22: S02aH04 | K22: 0.0034699018 | L22: IMPNRGZ | N22: elc_won_001 | O22: S02aH04 | P22: 0.0025927392 | Q22: IMPNRGZ | S22: elc_wof_001 | T22: S02aH04 | U22: 0.0021792842 | V22: IMPNRGZ | X22: 0.003196347 | Y22: 0.004826426 | Z22: S02aH04 | AA22: elc_roadtransport | AC22: elc_buildings | AD22: S02aH04 | AE22: 0.0036733585 | AG22: ELC | AH22: S02aH04 | AI22: 0.01536137 | AK22: 2020 | AL22: S12 | AM22: 0 | AN22: hydro
I23: elc_spv_001 | J23: S02aH05 | K23: 0.003621377 | L23: IMPNRGZ | N23: elc_won_001 | O23: S02aH05 | P23: 0.0077781361 | Q23: IMPNRGZ | S23: elc_wof_001 | T23: S02aH05 | U23: 0.006988494 | V23: IMPNRGZ | X23: 0.0095890411 | Y23: 0.017263755 | Z23: S02aH05 | AA23: elc_roadtransport | AC23: elc_buildings | AD23: S02aH05 | AE23: 0.01102076 | AG23: ELC | AH23: S02aH05 | AI23: 0.034116133 | AK23: 2021 | AL23: S01 | AM23: 0 | AN23: hydro
I24: elc_spv_001 | J24: S02aH06 | K24: 0 | L24: IMPNRGZ | N24: elc_won_001 | O24: S02aH06 | P24: 0.0026011654 | Q24: IMPNRGZ | S24: elc_wof_001 | T24: S02aH06 | U24: 0.0023352065 | V24: IMPNRGZ | X24: 0.003196347 | Y24: 0.0043623466 | Z24: S02aH06 | AA24: elc_roadtransport | AC24: elc_buildings | AD24: S02aH06 | AE24: 0.0036725371 | AG24: ELC | AH24: S02aH06 | AI24: 0.031203649 | AK24: 2021 | AL24: S02 | AM24: 0 | AN24: hydro
I25: elc_spv_001 | J25: S02aH07 | K25: 0 | L25: IMPNRGZ | N25: elc_won_001 | O25: S02aH07 | P25: 0.0025392959 | Q25: IMPNRGZ | S25: elc_wof_001 | T25: S02aH07 | U25: 0.0021585675 | V25: IMPNRGZ | X25: 0.003196347 | Y25: 0.0030629242 | Z25: S02aH07 | AA25: elc_roadtransport | AC25: elc_buildings | AD25: S02aH07 | AE25: 0.0034805814 | AG25: ELC | AH25: S02aH07 | AI25: 0.032536192 | AK25: 2021 | AL25: S03 | AM25: 0 | AN25: hydro
I26: elc_spv_001 | J26: S02aH08 | K26: 0 | L26: IMPNRGZ | N26: elc_won_001 | O26: S02aH08 | P26: 0.0068908228 | Q26: IMPNRGZ | S26: elc_wof_001 | T26: S02aH08 | U26: 0.0061660376 | V26: IMPNRGZ | X26: 0.0095890411 | Y26: 0.0046407942 | Z26: S02aH08 | AA26: elc_roadtransport | AC26: elc_buildings | AD26: S02aH08 | AE26: 0.0099024335 | AG26: ELC | AH26: S02aH08 | AI26: 0.037131262 | AK26: 2021 | AL26: S04 | AM26: 0 | AN26: hydro
I27: elc_spv_001 | J27: S03aH01 | K27: 0 | L27: IMPNRGZ | N27: elc_won_001 | O27: S03aH01 | P27: 0.015186609 | Q27: IMPNRGZ | S27: elc_wof_001 | T27: S03aH01 | U27: 0.017572696 | V27: IMPNRGZ | X27: 0.017694064 | Y27: 0.0027539799 | Z27: S03aH01 | AA27: elc_roadtransport | AC27: elc_buildings | AD27: S03aH01 | AE27: 0.01989855 | AG27: ELC | AH27: S03aH01 | AI27: 0.12607997 | AK27: 2021 | AL27: S05 | AM27: 0 | AN27: hydro
I28: elc_spv_001 | J28: S03aH02 | K28: 0 | L28: IMPNRGZ | N28: elc_won_001 | O28: S03aH02 | P28: 0.002937654 | Q28: IMPNRGZ | S28: elc_wof_001 | T28: S03aH02 | U28: 0.003229243 | V28: IMPNRGZ | X28: 0.0035388128 | Y28: 0.0017880317 | Z28: S03aH02 | AA28: elc_roadtransport | AC28: elc_buildings | AD28: S03aH02 | AE28: 0.0044755362 | AG28: ELC | AH28: S03aH02 | AI28: 0.069468974 | AK28: 2021 | AL28: S06 | AM28: 0 | AN28: hydro
I29: elc_spv_001 | J29: S03aH03 | K29: 0.07826713 | L29: IMPNRGZ | N29: elc_won_001 | O29: S03aH03 | P29: 0.028118785 | Q29: IMPNRGZ | S29: elc_wof_001 | T29: S03aH03 | U29: 0.026520504 | V29: IMPNRGZ | X29: 0.031849315 | Y29: 0.042573652 | Z29: S03aH03 | AA29: elc_roadtransport | AC29: elc_buildings | AD29: S03aH03 | AE29: 0.040617049 | AG29: ELC | AH29: S03aH03 | AI29: 0.083655706 | AK29: 2021 | AL29: S07 | AM29: 0 | AN29: hydro
I30: elc_spv_001 | J30: S03aH04 | K30: 0.012311101 | L30: IMPNRGZ | N30: elc_won_001 | O30: S03aH04 | P30: 0.0035565486 | Q30: IMPNRGZ | S30: elc_wof_001 | T30: S03aH04 | U30: 0.0032810454 | V30: IMPNRGZ | X30: 0.0035388128 | Y30: 0.0053435431 | Z30: S03aH04 | AA30: elc_roadtransport | AC30: elc_buildings | AD30: S03aH04 | AE30: 0.0047067867 | AG30: ELC | AH30: S03aH04 | AI30: 0.041196721 | AK30: 2021 | AL30: S08 | AM30: 0 | AN30: hydro
I31: elc_spv_001 | J31: S03aH05 | K31: 0.023495211 | L31: IMPNRGZ | N31: elc_won_001 | O31: S03aH05 | P31: 0.011349098 | Q31: IMPNRGZ | S31: elc_wof_001 | T31: S03aH05 | U31: 0.011256697 | V31: IMPNRGZ | X31: 0.010616438 | Y31: 0.019113443 | Z31: S03aH05 | AA31: elc_roadtransport | AC31: elc_buildings | AD31: S03aH05 | AE31: 0.014151577 | AG31: ELC | AH31: S03aH05 | AI31: 0.053425277 | AK31: 2021 | AL31: S09 | AM31: 0 | AN31: hydro
I32: elc_spv_001 | J32: S03aH06 | K32: 0.00032923404 | L32: IMPNRGZ | N32: elc_won_001 | O32: S03aH06 | P32: 0.0039255777 | Q32: IMPNRGZ | S32: elc_wof_001 | T32: S03aH06 | U32: 0.0041535234 | V32: IMPNRGZ | X32: 0.0035388128 | Y32: 0.0048297409 | Z32: S03aH06 | AA32: elc_roadtransport | AC32: elc_buildings | AD32: S03aH06 | AE32: 0.0044701965 | AG32: ELC | AH32: S03aH06 | AI32: 0.041224721 | AK32: 2021 | AL32: S10 | AM32: 0 | AN32: hydro
I33: elc_spv_001 | J33: S03aH07 | K33: 0 | L33: IMPNRGZ | N33: elc_won_001 | O33: S03aH07 | P33: 0.0037710678 | Q33: IMPNRGZ | S33: elc_wof_001 | T33: S03aH07 | U33: 0.0041907996 | V33: IMPNRGZ | X33: 0.0035388128 | Y33: 0.0033910946 | Z33: S03aH07 | AA33: elc_roadtransport | AC33: elc_buildings | AD33: S03aH07 | AE33: 0.0042570189 | AG33: ELC | AH33: S03aH07 | AI33: 0.03538134 | AK33: 2021 | AL33: S11 | AM33: 0 | AN33: hydro
I34: elc_spv_001 | J34: S03aH08 | K34: 0 | L34: IMPNRGZ | N34: elc_won_001 | O34: S03aH08 | P34: 0.010087585 | Q34: IMPNRGZ | S34: elc_wof_001 | T34: S03aH08 | U34: 0.01156926 | V34: IMPNRGZ | X34: 0.010616438 | Y34: 0.0051380222 | Z34: S03aH08 | AA34: elc_roadtransport | AC34: elc_buildings | AD34: S03aH08 | AE34: 0.01179033 | AG34: ELC | AH34: S03aH08 | AI34: 0.046455424 | AK34: 2021 | AL34: S12 | AM34: 0 | AN34: hydro
... I46: elc_spv_001 | J46: S05aH04 | K46: 0.012703255 | L46: IMPNRGZ | N46: elc_won_001 | O46: S05aH04 | P46: 0.0029861744 | Q46: IMPNRGZ | S46: elc_wof_001 | T46: S05aH04 | U46: 0.0028339328 | V46: IMPNRGZ | X46: 0.0035388128 | Y46: 0.0053435431 | Z46: S05aH04 | AA46: elc_roadtransport | AC46: elc_buildings | AD46: S05aH04 | AE46: 0.003525562 | AG46: ELC | AH46: S05aH04 | AI46: 0.051685079 | AK46: 2022 | AL46: S12 | AM46: 0 | AN46: hydro
I47: elc_spv_001 | J47: S05aH05 | K47: 0.029488665 | L47: IMPNRGZ | N47: elc_won_001 | O47: S05aH05 | P47: 0.0091931536 | Q47: IMPNRGZ | S47: elc_wof_001 | T47: S05aH05 | U47: 0.0087481318 | V47: IMPNRGZ | X47: 0.010616438 | Y47: 0.019113443 | Z47: S05aH05 | AA47: elc_roadtransport | AC47: elc_buildings | AD47: S05aH05 | AE47: 0.010434294 | AG47: ELC | AH47: S05aH05 | AI47: 0.060230643
I48: elc_spv_001 | J48: S05aH06 | K48: 0.0058507393 | L48: IMPNRGZ | N48: elc_won_001 | O48: S05aH06 | P48: 0.0030969055 | Q48: IMPNRGZ | S48: elc_wof_001 | T48: S05aH06 | U48: 0.002955828 | V48: IMPNRGZ | X48: 0.0035388128 | Y48: 0.0048297409 | Z48: S05aH06 | AA48: elc_roadtransport | AC48: elc_buildings | AD48: S05aH06 | AE48: 0.0032923947 | AG48: ELC | AH48: S05aH06 | AI48: 0.025989663
I49: elc_spv_001 | J49: S05aH07 | K49: 0.0029766667 | L49: IMPNRGZ | N49: elc_won_001 | O49: S05aH07 | P49: 0.0030856968 | Q49: IMPNRGZ | S49: elc_wof_001 | T49: S05aH07 | U49: 0.0028704854 | V49: IMPNRGZ | X49: 0.0035388128 | Y49: 0.0033910946 | Z49: S05aH07 | AA49: elc_roadtransport | AC49: elc_buildings | AD49: S05aH07 | AE49: 0.0031417875 | AG49: ELC | AH49: S05aH07 | AI49: 0.048949988
I50: elc_spv_001 | J50: S05aH08 | K50: 0.00029388975 | L50: IMPNRGZ | N50: elc_won_001 | O50: S05aH08 | P50: 0.0091450616 | Q50: IMPNRGZ | S50: elc_wof_001 | T50: S05aH08 | U50: 0.0086902958 | V50: IMPNRGZ | X50: 0.010616438 | Y50: 0.0051380222 | Z50: S05aH08 | AA50: elc_roadtransport | AC50: elc_buildings | AD50: S05aH08 | AE50: 0.0077096731 | AG50: ELC | AH50: S05aH08 | AI50: 0.10425717
