Workbook

Sheet CO2
B3: ~TFM_INS-TS
B4: TimeSlice | C4: LimType | D4: Attribute | E4: 2025 | F4: 2030 | G4: 2035 | H4: 2040 | I4: 2045 | J4: 2050 | K4: Commodity
B5: * | C5: Meur25/kt
D6: com_taxnet | E6: =cite!AB5/1000 -> 0.073 | F6: =cite!AB6/1000 -> 0.099873138 | G6: =cite!AB7/1000 -> 0.10512962 | H6: =cite!AB8/1000 -> 0.10512962 | I6: =cite!AB9/1000 -> 0.16820739 | J6: =cite!AB10/1000 -> 0.19974628 | K6: TOTCO2

Sheet cite
X2: Trends and projections in the EU-ETS in 2025.
Y3: EUR2023 | AB3: EUR2025
P4: USD24/tCO2 | Q4: 2024 avg usd to eur rate (eur/usd) | R4: EUR24/tCO2 | S4: avg eur25 inflation rate (EU) | T4: EUR25/Tco2 | X4: Year | Y4: WEM-ETS | Z4: WAM-ETS | AA4: WOM-ETS | AB4: WEM-ETS | AC4: WAM-ETS | AD4: WOM-ETS
O5: 2035 | P5: 174 | Q5: 0.9244 | R5: =P5*Q5 -> 160.8456 | S5: 0.023 | T5: =R5*(1+S5) -> 164.54505 | X5: 2025 | AB5: 73 | AC5: 73 | AD5: 73
X6: 2030 | Y6: 95 | Z6: 95 | AA6: 73 | AB6: =Y6*($V$13/$V$12) -> 99.873138 | AC6: =Z6*($V$13/$V$12) -> 99.873138 | AD6: =AA6*($V$13/$V$12) -> 76.744622
X7: 2035 | Y7: 100 | Z7: 140 | AA7: 73 | AB7: =Y7*($V$13/$V$12) -> 105.12962 | AC7: =Z7*($V$13/$V$12) -> 147.18147 | AD7: =AA7*($V$13/$V$12) -> 76.744622
X8: 2040 | Y8: 100 | Z8: 290 | AA8: 73 | AB8: =Y8*($V$13/$V$12) -> 105.12962 | AC8: =Z8*($V$13/$V$12) -> 304.8759 | AD8: =AA8*($V$13/$V$12) -> 76.744622
X9: 2045 | Y9: 160 | Z9: 430 | AA9: 73 | AB9: =Y9*($V$13/$V$12) -> 168.20739 | AC9: =Z9*($V$13/$V$12) -> 452.05736 | AD9: =AA9*($V$13/$V$12) -> 76.744622
X10: 2050 | Y10: 190 | Z10: 490 | AA10: 73 | AB10: =Y10*($V$13/$V$12) -> 199.74628 | AC10: =Z10*($V$13/$V$12) -> 515.13514 | AD10: =AA10*($V$13/$V$12) -> 76.744622
U12: HICP_2023 | V12: 126.91
U13: HICP_2025 | V13: 133.42
